MatchID,Home_team,Away_team,Score_home,Score_away,Possession_home,Possession_away,Shots_on_target_home,Shots_on_target_away,Shots_home,Shots_away,Touches_home,Touches_away,Passes_home,Passes_away,Tackles_home,Tackles_away,Clearances_home,Clearances_away,Corners_home,Corners_away,Offsides_home,Offsides_away,Yellow_cards_home,Yellow_cards_away,Fouls_conceded_home,Fouls_conceded_away,Red_cards_home,Red_cards_away
46975,Arsenal,Watford,3,2,51.1,48.9,5.0,6.0,13.0,19.0,626.0,589.0,442.0,398.0,14.0,7.0,25.0,6.0,4.0,8.0,1.0,3.0,3.0,3.0,9.0,12.0,0.0,0.0
46976,Burnley,Brighton,1,2,54.2,45.8,2.0,4.0,13.0,15.0,561.0,520.0,378.0,334.0,20.0,6.0,3.0,31.0,6.0,7.0,3.0,2.0,3.0,0.0,11.0,11.0,0.0,0.0
46977,Chelsea,Wolves,2,0,62.9,37.1,3.0,1.0,11.0,5.0,833.0,561.0,629.0,370.0,30.0,22.0,14.0,6.0,3.0,3.0,3.0,1.0,2.0,3.0,10.0,16.0,0.0,0.0
46978,Crystal Palace,Spurs,1,1,47.2,52.8,2.0,2.0,13.0,7.0,637.0,693.0,422.0,489.0,22.0,26.0,11.0,17.0,7.0,2.0,1.0,0.0,3.0,2.0,11.0,13.0,0.0,0.0
46979,Everton,Bournemouth,1,3,70.0,30.0,5.0,7.0,13.0,13.0,916.0,507.0,687.0,282.0,26.0,18.0,23.0,12.0,2.0,5.0,0.0,1.0,1.0,0.0,11.0,9.0,0.0,0.0
46980,Leicester,Man Utd,0,2,45.8,54.2,3.0,3.0,14.0,7.0,623.0,681.0,425.0,518.0,23.0,21.0,12.0,8.0,3.0,3.0,2.0,2.0,1.0,5.0,12.0,11.0,1.0,0.0
46981,Man City,Norwich,5,0,73.1,26.9,10.0,4.0,31.0,5.0,900.0,415.0,722.0,268.0,12.0,14.0,5.0,26.0,9.0,0.0,0.0,2.0,1.0,1.0,7.0,4.0,0.0,0.0
46982,Newcastle,Liverpool,1,3,25.3,74.7,2.0,6.0,3.0,14.0,428.0,981.0,267.0,792.0,23.0,12.0,23.0,8.0,2.0,4.0,3.0,1.0,1.0,0.0,11.0,5.0,0.0,0.0
46983,Southampton,Sheffield Utd,3,1,72.1,27.9,4.0,3.0,13.0,5.0,864.0,417.0,684.0,260.0,11.0,12.0,8.0,34.0,9.0,1.0,2.0,2.0,0.0,1.0,9.0,16.0,0.0,0.0
46984,West Ham,Aston Villa,1,1,63.0,37.0,1.0,4.0,10.0,13.0,655.0,444.0,480.0,277.0,15.0,13.0,26.0,11.0,0.0,7.0,0.0,1.0,2.0,1.0,16.0,13.0,0.0,0.0
46969,Man Utd,West Ham,1,1,57.2,42.8,4.0,3.0,11.0,12.0,775.0,613.0,609.0,441.0,9.0,20.0,8.0,18.0,2.0,3.0,3.0,1.0,3.0,1.0,10.0,9.0,0.0,0.0
46968,Liverpool,Chelsea,5,3,50.0,50.0,7.0,5.0,10.0,10.0,749.0,752.0,584.0,575.0,19.0,9.0,14.0,15.0,6.0,0.0,0.0,3.0,1.0,0.0,8.0,11.0,0.0,0.0
46973,Watford,Man City,0,4,23.1,76.9,0.0,10.0,2.0,26.0,410.0,941.0,232.0,764.0,18.0,22.0,21.0,11.0,0.0,8.0,4.0,3.0,2.0,0.0,14.0,11.0,0.0,0.0
46965,Aston Villa,Arsenal,1,0,31.0,69.0,3.0,0.0,8.0,7.0,439.0,771.0,264.0,606.0,16.0,3.0,32.0,18.0,8.0,9.0,1.0,1.0,2.0,4.0,13.0,19.0,0.0,0.0
46967,Brighton,Newcastle,0,0,62.5,37.5,3.0,1.0,11.0,12.0,725.0,497.0,542.0,315.0,12.0,15.0,19.0,23.0,9.0,7.0,1.0,1.0,4.0,2.0,13.0,12.0,0.0,0.0
46971,Sheffield Utd,Everton,0,1,50.6,49.4,0.0,2.0,8.0,5.0,651.0,660.0,468.0,472.0,17.0,10.0,12.0,29.0,7.0,1.0,1.0,2.0,1.0,3.0,11.0,19.0,0.0,0.0
46974,Wolves,Crystal Palace,2,0,53.4,46.6,5.0,3.0,11.0,7.0,651.0,594.0,465.0,404.0,18.0,13.0,14.0,18.0,5.0,2.0,0.0,1.0,2.0,1.0,11.0,15.0,0.0,0.0
46972,Spurs,Leicester,3,0,29.0,71.0,3.0,6.0,7.0,24.0,465.0,893.0,285.0,697.0,17.0,12.0,30.0,7.0,4.0,13.0,4.0,0.0,2.0,1.0,15.0,10.0,0.0,0.0
46970,Norwich,Burnley,0,2,42.3,57.7,2.0,8.0,6.0,23.0,516.0,638.0,354.0,468.0,6.0,13.0,23.0,8.0,6.0,8.0,1.0,1.0,0.0,0.0,9.0,16.0,2.0,0.0
46966,Bournemouth,Southampton,0,2,43.0,57.0,3.0,8.0,11.0,16.0,506.0,634.0,288.0,407.0,17.0,22.0,11.0,47.0,12.0,6.0,2.0,1.0,2.0,2.0,12.0,11.0,0.0,0.0
46964,West Ham,Watford,3,1,40.6,59.4,4.0,3.0,10.0,14.0,497.0,652.0,297.0,439.0,13.0,16.0,28.0,18.0,9.0,3.0,1.0,2.0,0.0,2.0,11.0,11.0,0.0,0.0
46959,Everton,Aston Villa,1,1,54.9,45.1,1.0,1.0,9.0,15.0,622.0,527.0,443.0,362.0,10.0,9.0,20.0,14.0,5.0,5.0,0.0,0.0,2.0,1.0,15.0,13.0,0.0,0.0
46960,Leicester,Sheffield Utd,2,0,54.4,45.6,7.0,1.0,15.0,5.0,658.0,586.0,472.0,401.0,18.0,10.0,24.0,24.0,9.0,5.0,3.0,4.0,1.0,2.0,12.0,10.0,0.0,0.0
46958,Crystal Palace,Man Utd,0,2,40.6,59.4,5.0,5.0,13.0,17.0,626.0,827.0,428.0,625.0,26.0,14.0,18.0,13.0,2.0,7.0,1.0,0.0,1.0,2.0,10.0,15.0,0.0,0.0
46963,Southampton,Brighton,1,1,67.9,32.1,6.0,2.0,21.0,10.0,787.0,465.0,597.0,281.0,15.0,18.0,8.0,21.0,8.0,2.0,1.0,2.0,1.0,0.0,6.0,10.0,0.0,0.0
46956,Burnley,Wolves,1,1,46.7,53.3,1.0,5.0,9.0,14.0,522.0,598.0,359.0,413.0,12.0,9.0,21.0,20.0,3.0,8.0,1.0,1.0,0.0,0.0,10.0,8.0,0.0,0.0
46961,Man City,Bournemouth,2,1,72.5,27.5,4.0,3.0,8.0,15.0,923.0,435.0,756.0,275.0,15.0,9.0,25.0,10.0,3.0,5.0,2.0,2.0,1.0,1.0,10.0,10.0,0.0,0.0
46962,Newcastle,Spurs,1,3,52.8,47.2,6.0,5.0,22.0,8.0,662.0,623.0,503.0,456.0,14.0,14.0,9.0,21.0,5.0,4.0,0.0,1.0,2.0,3.0,6.0,13.0,0.0,0.0
46955,Arsenal,Liverpool,2,1,31.1,68.9,2.0,8.0,3.0,24.0,456.0,816.0,286.0,614.0,21.0,12.0,24.0,3.0,2.0,13.0,5.0,4.0,3.0,1.0,14.0,10.0,0.0,0.0
46957,Chelsea,Norwich,1,0,67.7,32.3,6.0,0.0,22.0,2.0,950.0,540.0,772.0,374.0,8.0,15.0,6.0,21.0,8.0,1.0,0.0,1.0,2.0,2.0,10.0,9.0,0.0,0.0
46949,Man Utd,Southampton,2,2,47.5,52.5,4.0,5.0,8.0,9.0,654.0,684.0,463.0,510.0,13.0,10.0,20.0,16.0,4.0,6.0,1.0,0.0,1.0,3.0,14.0,15.0,0.0,0.0
46952,Spurs,Arsenal,2,1,37.3,62.7,9.0,4.0,15.0,13.0,542.0,808.0,378.0,636.0,22.0,12.0,21.0,13.0,6.0,5.0,2.0,0.0,5.0,3.0,16.0,11.0,0.0,0.0
46946,Bournemouth,Leicester,4,1,44.1,55.9,4.0,5.0,9.0,13.0,611.0,729.0,424.0,545.0,6.0,17.0,20.0,13.0,2.0,6.0,4.0,1.0,2.0,1.0,11.0,12.0,0.0,1.0
46951,Sheffield Utd,Chelsea,3,0,23.7,76.3,4.0,4.0,9.0,15.0,408.0,981.0,251.0,809.0,7.0,8.0,37.0,12.0,4.0,6.0,1.0,0.0,1.0,0.0,8.0,6.0,0.0,0.0
46947,Brighton,Man City,0,5,29.8,70.2,0.0,8.0,3.0,26.0,476.0,975.0,335.0,799.0,12.0,16.0,15.0,9.0,2.0,7.0,6.0,1.0,1.0,0.0,7.0,3.0,0.0,0.0
46954,Wolves,Everton,3,0,55.1,44.9,7.0,2.0,14.0,6.0,717.0,595.0,564.0,450.0,9.0,10.0,11.0,13.0,5.0,2.0,1.0,0.0,0.0,2.0,9.0,9.0,0.0,0.0
46945,Aston Villa,Crystal Palace,2,0,44.9,55.1,9.0,5.0,12.0,9.0,494.0,590.0,314.0,386.0,12.0,15.0,12.0,15.0,5.0,1.0,1.0,0.0,2.0,4.0,21.0,21.0,0.0,1.0
46950,Norwich,West Ham,0,4,52.5,47.5,2.0,7.0,11.0,19.0,695.0,633.0,542.0,478.0,16.0,12.0,16.0,8.0,1.0,6.0,1.0,0.0,1.0,0.0,9.0,8.0,0.0,0.0
46953,Watford,Newcastle,2,1,47.7,52.3,5.0,4.0,17.0,8.0,488.0,531.0,316.0,353.0,12.0,13.0,10.0,21.0,2.0,4.0,3.0,3.0,1.0,4.0,23.0,15.0,0.0,0.0
46948,Liverpool,Burnley,1,1,70.8,29.2,9.0,2.0,23.0,6.0,857.0,436.0,659.0,265.0,10.0,11.0,17.0,36.0,11.0,6.0,2.0,3.0,1.0,2.0,7.0,4.0,0.0,0.0
46937,Bournemouth,Spurs,0,0,35.7,64.3,2.0,0.0,9.0,9.0,478.0,715.0,271.0,499.0,15.0,21.0,26.0,38.0,8.0,12.0,1.0,0.0,3.0,2.0,11.0,14.0,0.0,0.0
46940,Everton,Southampton,1,1,38.7,61.3,4.0,4.0,11.0,16.0,522.0,697.0,330.0,518.0,12.0,13.0,26.0,12.0,3.0,5.0,3.0,2.0,3.0,3.0,13.0,14.0,0.0,0.0
46936,Aston Villa,Man Utd,0,3,33.4,66.6,1.0,6.0,9.0,14.0,473.0,789.0,310.0,637.0,9.0,11.0,16.0,11.0,3.0,5.0,2.0,1.0,2.0,3.0,7.0,13.0,0.0,0.0
46941,Man City,Newcastle,5,0,73.6,26.4,9.0,1.0,23.0,6.0,1000.0,450.0,843.0,296.0,5.0,15.0,11.0,14.0,8.0,1.0,2.0,0.0,0.0,0.0,13.0,7.0,0.0,0.0
46942,Sheffield Utd,Wolves,1,0,42.8,57.2,3.0,1.0,7.0,6.0,563.0,731.0,382.0,545.0,16.0,13.0,15.0,27.0,6.0,1.0,3.0,0.0,2.0,0.0,5.0,6.0,0.0,0.0
46944,West Ham,Burnley,0,1,53.2,46.8,5.0,4.0,21.0,8.0,637.0,619.0,427.0,395.0,19.0,17.0,16.0,45.0,10.0,3.0,0.0,5.0,1.0,1.0,7.0,7.0,0.0,0.0
46938,Brighton,Liverpool,1,3,44.4,55.6,2.0,8.0,12.0,20.0,594.0,667.0,381.0,477.0,12.0,11.0,39.0,18.0,6.0,10.0,5.0,0.0,1.0,4.0,7.0,15.0,0.0,0.0
46939,Crystal Palace,Chelsea,2,3,42.0,58.0,4.0,6.0,13.0,14.0,609.0,764.0,381.0,538.0,19.0,21.0,19.0,23.0,7.0,9.0,1.0,0.0,1.0,0.0,11.0,10.0,0.0,0.0
46943,Watford,Norwich,2,1,43.5,56.5,4.0,3.0,9.0,12.0,564.0,705.0,375.0,504.0,21.0,19.0,8.0,30.0,4.0,3.0,0.0,0.0,2.0,4.0,11.0,15.0,0.0,0.0
46935,Arsenal,Leicester,1,1,37.5,62.5,7.0,5.0,11.0,13.0,518.0,733.0,323.0,558.0,6.0,17.0,13.0,20.0,10.0,1.0,4.0,1.0,1.0,0.0,10.0,14.0,1.0,0.0
46933,Spurs,Everton,1,0,51.6,48.4,2.0,3.0,12.0,11.0,630.0,587.0,448.0,413.0,13.0,10.0,23.0,22.0,5.0,6.0,2.0,2.0,3.0,2.0,14.0,18.0,0.0,0.0
46928,Liverpool,Aston Villa,2,0,71.2,28.8,4.0,3.0,6.0,9.0,830.0,457.0,672.0,263.0,7.0,8.0,18.0,26.0,7.0,5.0,1.0,5.0,1.0,1.0,18.0,8.0,0.0,0.0
46932,Southampton,Man City,1,0,26.3,73.7,4.0,6.0,8.0,26.0,519.0,1022.0,297.0,808.0,20.0,16.0,57.0,12.0,2.0,13.0,3.0,3.0,1.0,2.0,6.0,7.0,0.0,0.0
46934,Wolves,Arsenal,0,2,51.9,48.1,1.0,5.0,10.0,8.0,692.0,651.0,516.0,482.0,13.0,29.0,9.0,25.0,3.0,5.0,1.0,0.0,2.0,4.0,6.0,11.0,0.0,0.0
46926,Chelsea,Watford,3,0,70.4,29.6,9.0,3.0,21.0,7.0,923.0,480.0,731.0,300.0,13.0,24.0,18.0,21.0,5.0,3.0,1.0,2.0,0.0,2.0,9.0,12.0,0.0,0.0
46925,Burnley,Sheffield Utd,1,1,47.4,52.6,4.0,3.0,9.0,10.0,606.0,625.0,404.0,441.0,9.0,12.0,36.0,17.0,3.0,9.0,2.0,1.0,0.0,0.0,8.0,14.0,0.0,0.0
46930,Newcastle,West Ham,2,2,57.4,42.6,4.0,7.0,11.0,17.0,704.0,563.0,516.0,379.0,22.0,18.0,20.0,14.0,6.0,4.0,1.0,1.0,1.0,0.0,9.0,11.0,0.0,0.0
46931,Norwich,Brighton,0,1,58.0,42.0,1.0,2.0,12.0,8.0,763.0,594.0,587.0,418.0,14.0,11.0,19.0,17.0,0.0,2.0,4.0,0.0,2.0,2.0,11.0,13.0,0.0,0.0
46927,Leicester,Crystal Palace,3,0,52.2,47.8,4.0,1.0,15.0,7.0,710.0,656.0,506.0,450.0,29.0,18.0,20.0,4.0,3.0,7.0,1.0,1.0,2.0,1.0,18.0,8.0,0.0,0.0
46929,Man Utd,Bournemouth,5,2,69.3,30.7,10.0,3.0,19.0,7.0,812.0,439.0,648.0,283.0,16.0,10.0,9.0,17.0,8.0,3.0,4.0,4.0,0.0,1.0,3.0,12.0,0.0,0.0
46922,Sheffield Utd,Spurs,3,1,32.5,67.5,5.0,2.0,7.0,9.0,494.0,826.0,312.0,637.0,18.0,14.0,28.0,10.0,1.0,6.0,2.0,1.0,2.0,0.0,13.0,13.0,0.0,0.0
46921,Man City,Liverpool,4,0,47.0,53.0,6.0,3.0,14.0,11.0,662.0,709.0,490.0,551.0,10.0,13.0,19.0,8.0,3.0,3.0,3.0,2.0,2.0,2.0,8.0,7.0,0.0,0.0
46915,Arsenal,Norwich,4,0,51.6,48.4,8.0,2.0,13.0,8.0,626.0,601.0,468.0,445.0,12.0,19.0,11.0,18.0,6.0,2.0,0.0,2.0,1.0,4.0,10.0,10.0,0.0,0.0
46917,Bournemouth,Newcastle,1,4,54.9,45.1,1.0,7.0,12.0,12.0,662.0,571.0,493.0,420.0,16.0,16.0,7.0,13.0,6.0,3.0,2.0,1.0,2.0,0.0,11.0,10.0,0.0,0.0
46920,Everton,Leicester,2,1,34.9,65.1,2.0,3.0,7.0,15.0,524.0,796.0,331.0,596.0,20.0,15.0,34.0,9.0,3.0,5.0,0.0,1.0,1.0,1.0,13.0,10.0,0.0,0.0
46924,West Ham,Chelsea,3,2,28.8,71.2,4.0,6.0,10.0,17.0,442.0,845.0,273.0,658.0,16.0,19.0,29.0,9.0,2.0,3.0,2.0,2.0,2.0,1.0,10.0,9.0,0.0,0.0
46918,Brighton,Man Utd,0,3,38.0,62.0,2.0,6.0,8.0,12.0,529.0,780.0,375.0,629.0,13.0,16.0,13.0,12.0,4.0,5.0,2.0,2.0,0.0,1.0,10.0,9.0,0.0,0.0
46919,Crystal Palace,Burnley,0,1,58.4,41.6,4.0,4.0,17.0,8.0,678.0,545.0,479.0,354.0,13.0,16.0,13.0,35.0,9.0,1.0,0.0,0.0,1.0,1.0,12.0,13.0,0.0,0.0
46923,Watford,Southampton,1,3,47.6,52.4,0.0,7.0,8.0,11.0,587.0,663.0,396.0,460.0,13.0,20.0,10.0,28.0,5.0,3.0,1.0,1.0,3.0,0.0,18.0,9.0,0.0,0.0
46916,Aston Villa,Wolves,0,1,48.0,52.0,1.0,2.0,11.0,9.0,568.0,601.0,423.0,464.0,8.0,10.0,9.0,9.0,2.0,2.0,0.0,2.0,1.0,1.0,16.0,16.0,0.0,0.0
46905,Burnley,Watford,1,0,55.2,44.8,5.0,4.0,9.0,10.0,610.0,500.0,424.0,329.0,11.0,16.0,36.0,13.0,1.0,7.0,3.0,0.0,1.0,0.0,13.0,15.0,0.0,0.0
46912,Southampton,Arsenal,0,2,52.6,47.4,3.0,5.0,12.0,10.0,608.0,566.0,435.0,398.0,17.0,10.0,8.0,19.0,4.0,6.0,2.0,1.0,0.0,2.0,10.0,14.0,1.0,0.0
46906,Chelsea,Man City,2,1,35.3,64.7,10.0,2.0,15.0,11.0,517.0,875.0,382.0,713.0,13.0,7.0,20.0,8.0,5.0,7.0,3.0,1.0,1.0,1.0,13.0,3.0,0.0,1.0
46909,Man Utd,Sheffield Utd,3,0,68.2,31.8,6.0,1.0,15.0,4.0,891.0,486.0,748.0,338.0,7.0,15.0,18.0,18.0,10.0,5.0,1.0,2.0,1.0,0.0,10.0,6.0,0.0,0.0
46910,Newcastle,Aston Villa,1,1,52.1,47.9,3.0,2.0,13.0,14.0,595.0,541.0,416.0,369.0,6.0,5.0,32.0,18.0,6.0,9.0,1.0,0.0,2.0,2.0,15.0,13.0,0.0,0.0
46911,Norwich,Everton,0,1,46.6,53.4,1.0,5.0,9.0,12.0,629.0,689.0,432.0,495.0,15.0,20.0,24.0,22.0,6.0,5.0,1.0,1.0,0.0,1.0,8.0,13.0,0.0,0.0
46914,Wolves,Bournemouth,1,0,55.1,44.9,2.0,0.0,10.0,4.0,613.0,519.0,425.0,347.0,14.0,17.0,24.0,15.0,6.0,4.0,2.0,2.0,3.0,3.0,11.0,11.0,0.0,0.0
46908,Liverpool,Crystal Palace,4,0,73.3,26.7,7.0,0.0,21.0,3.0,1051.0,509.0,886.0,330.0,17.0,20.0,1.0,37.0,6.0,0.0,0.0,1.0,0.0,0.0,7.0,5.0,0.0,0.0
46907,Leicester,Brighton,0,0,66.4,33.6,2.0,2.0,11.0,10.0,783.0,487.0,588.0,294.0,16.0,21.0,20.0,25.0,6.0,7.0,0.0,0.0,2.0,2.0,10.0,13.0,0.0,0.0
46913,Spurs,West Ham,2,0,64.5,35.5,4.0,2.0,15.0,10.0,826.0,533.0,662.0,361.0,9.0,21.0,10.0,24.0,9.0,4.0,3.0,2.0,2.0,2.0,12.0,7.0,0.0,0.0
46899,Man City,Burnley,5,0,71.7,28.3,7.0,0.0,19.0,1.0,938.0,434.0,816.0,322.0,12.0,11.0,8.0,12.0,3.0,1.0,1.0,2.0,1.0,1.0,8.0,7.0,0.0,0.0
46895,Aston Villa,Chelsea,1,2,26.0,74.0,4.0,5.0,8.0,19.0,412.0,859.0,246.0,692.0,8.0,7.0,31.0,11.0,2.0,10.0,0.0,0.0,2.0,1.0,9.0,17.0,0.0,0.0
46898,Everton,Liverpool,0,0,29.9,70.1,3.0,3.0,8.0,10.0,426.0,767.0,256.0,594.0,20.0,16.0,26.0,3.0,1.0,6.0,2.0,1.0,2.0,2.0,15.0,12.0,0.0,0.0
46904,West Ham,Wolves,0,2,42.2,57.8,2.0,6.0,7.0,10.0,536.0,695.0,357.0,506.0,15.0,18.0,16.0,18.0,5.0,7.0,0.0,1.0,1.0,1.0,8.0,7.0,0.0,0.0
46896,Bournemouth,Crystal Palace,0,2,58.7,41.3,1.0,2.0,12.0,7.0,680.0,541.0,494.0,350.0,18.0,26.0,8.0,20.0,11.0,4.0,2.0,3.0,3.0,2.0,13.0,15.0,0.0,0.0
46900,Newcastle,Sheffield Utd,3,0,46.0,54.0,8.0,1.0,12.0,7.0,603.0,664.0,442.0,509.0,11.0,16.0,12.0,12.0,2.0,4.0,3.0,1.0,2.0,0.0,9.0,10.0,0.0,1.0
46901,Norwich,Southampton,0,3,55.0,45.0,1.0,9.0,9.0,22.0,616.0,552.0,406.0,333.0,19.0,24.0,15.0,16.0,9.0,7.0,3.0,1.0,1.0,1.0,9.0,15.0,0.0,0.0
46902,Spurs,Man Utd,1,1,38.8,61.2,3.0,6.0,10.0,12.0,566.0,791.0,365.0,586.0,14.0,16.0,30.0,18.0,7.0,6.0,1.0,3.0,0.0,1.0,17.0,18.0,0.0,0.0
46903,Watford,Leicester,1,1,31.7,68.3,4.0,2.0,8.0,15.0,459.0,760.0,254.0,555.0,13.0,27.0,22.0,25.0,2.0,7.0,0.0,3.0,0.0,1.0,15.0,12.0,0.0,0.0
46897,Brighton,Arsenal,2,1,41.3,58.7,5.0,6.0,9.0,13.0,495.0,665.0,325.0,476.0,22.0,8.0,23.0,25.0,10.0,7.0,0.0,4.0,2.0,1.0,13.0,8.0,0.0,0.0
46875,Aston Villa,Sheffield Utd,0,0,45.1,54.9,6.0,1.0,14.0,5.0,575.0,648.0,382.0,483.0,8.0,18.0,17.0,17.0,12.0,4.0,1.0,0.0,1.0,1.0,11.0,14.0,0.0,0.0
46879,Man City,Arsenal,3,0,67.1,32.9,12.0,0.0,20.0,3.0,834.0,466.0,692.0,333.0,7.0,15.0,6.0,11.0,5.0,2.0,1.0,5.0,1.0,1.0,9.0,7.0,0.0,1.0
46889,Leicester,Aston Villa,4,0,64.6,35.4,7.0,1.0,15.0,4.0,757.0,510.0,543.0,301.0,24.0,23.0,12.0,22.0,9.0,0.0,3.0,2.0,2.0,1.0,15.0,12.0,0.0,0.0
46891,Man Utd,Man City,2,0,27.7,72.3,6.0,4.0,12.0,7.0,488.0,948.0,294.0,761.0,19.0,15.0,33.0,8.0,2.0,11.0,1.0,2.0,2.0,4.0,11.0,9.0,0.0,0.0
46885,Arsenal,West Ham,1,0,68.9,31.1,2.0,6.0,9.0,14.0,799.0,448.0,621.0,264.0,13.0,11.0,28.0,18.0,6.0,7.0,2.0,2.0,1.0,2.0,11.0,9.0,0.0,0.0
46888,Crystal Palace,Watford,1,0,44.2,55.8,3.0,3.0,10.0,10.0,604.0,665.0,371.0,464.0,21.0,22.0,33.0,18.0,8.0,8.0,2.0,1.0,4.0,4.0,12.0,16.0,0.0,0.0
46892,Sheffield Utd,Norwich,1,0,41.8,58.2,4.0,5.0,10.0,12.0,576.0,736.0,359.0,519.0,14.0,18.0,31.0,27.0,10.0,5.0,1.0,3.0,0.0,0.0,12.0,8.0,0.0,0.0
46893,Southampton,Newcastle,0,1,38.0,62.0,3.0,7.0,6.0,14.0,502.0,696.0,298.0,500.0,19.0,15.0,18.0,18.0,5.0,8.0,0.0,2.0,0.0,3.0,14.0,15.0,1.0,0.0
46894,Wolves,Brighton,0,0,43.1,56.9,1.0,1.0,11.0,7.0,668.0,821.0,458.0,606.0,22.0,23.0,14.0,21.0,2.0,0.0,0.0,0.0,1.0,3.0,4.0,7.0,0.0,0.0
46886,Burnley,Spurs,1,1,45.0,55.0,8.0,2.0,21.0,13.0,623.0,692.0,378.0,479.0,24.0,14.0,21.0,36.0,3.0,5.0,2.0,0.0,5.0,4.0,16.0,11.0,0.0,0.0
46887,Chelsea,Everton,4,0,60.2,39.8,11.0,1.0,17.0,3.0,823.0,571.0,646.0,415.0,13.0,15.0,12.0,11.0,6.0,1.0,0.0,1.0,1.0,2.0,8.0,10.0,0.0,0.0
46890,Liverpool,Bournemouth,2,1,74.5,25.5,6.0,4.0,14.0,6.0,917.0,419.0,729.0,246.0,7.0,9.0,20.0,43.0,9.0,4.0,1.0,5.0,0.0,1.0,10.0,12.0,0.0,0.0
46876,Bournemouth,Chelsea,2,2,26.9,73.1,5.0,6.0,9.0,23.0,515.0,1022.0,301.0,808.0,8.0,18.0,49.0,19.0,4.0,14.0,1.0,2.0,2.0,2.0,8.0,5.0,0.0,0.0
46880,Newcastle,Burnley,0,0,54.0,46.0,4.0,0.0,21.0,7.0,576.0,533.0,376.0,323.0,19.0,14.0,18.0,20.0,11.0,7.0,2.0,2.0,4.0,3.0,11.0,9.0,0.0,0.0
46884,West Ham,Southampton,3,1,33.7,66.3,7.0,2.0,14.0,10.0,481.0,737.0,257.0,521.0,16.0,17.0,35.0,20.0,4.0,9.0,0.0,1.0,1.0,1.0,8.0,11.0,0.0,0.0
46883,Watford,Liverpool,3,0,29.2,70.8,5.0,1.0,14.0,7.0,485.0,893.0,299.0,732.0,13.0,8.0,41.0,13.0,3.0,5.0,5.0,1.0,0.0,0.0,4.0,8.0,0.0,0.0
46878,Everton,Man Utd,1,1,44.1,55.9,5.0,5.0,16.0,14.0,551.0,640.0,327.0,431.0,14.0,16.0,19.0,27.0,13.0,8.0,3.0,1.0,3.0,4.0,11.0,11.0,0.0,0.0
46882,Spurs,Wolves,2,3,65.5,34.5,5.0,4.0,13.0,14.0,824.0,535.0,621.0,322.0,22.0,25.0,19.0,28.0,4.0,5.0,0.0,0.0,3.0,2.0,12.0,14.0,0.0,0.0
46881,Norwich,Leicester,1,0,42.6,57.4,6.0,4.0,11.0,19.0,560.0,667.0,344.0,468.0,22.0,15.0,23.0,10.0,6.0,7.0,2.0,0.0,1.0,2.0,13.0,16.0,0.0,0.0
46877,Brighton,Crystal Palace,0,1,66.5,33.5,8.0,3.0,23.0,12.0,778.0,506.0,538.0,273.0,26.0,23.0,15.0,32.0,8.0,7.0,1.0,3.0,2.0,1.0,8.0,9.0,0.0,0.0
46870,Liverpool,West Ham,3,2,69.3,30.7,7.0,4.0,25.0,7.0,861.0,495.0,626.0,269.0,23.0,19.0,19.0,43.0,16.0,8.0,2.0,2.0,0.0,3.0,4.0,10.0,0.0,0.0
46865,Arsenal,Everton,3,2,51.3,48.7,4.0,5.0,9.0,17.0,666.0,632.0,491.0,455.0,13.0,21.0,16.0,8.0,6.0,3.0,2.0,2.0,0.0,4.0,12.0,12.0,0.0,0.0
46866,Burnley,Bournemouth,3,0,42.1,57.9,10.0,4.0,16.0,12.0,503.0,639.0,306.0,430.0,22.0,12.0,18.0,33.0,7.0,3.0,1.0,1.0,4.0,3.0,9.0,9.0,0.0,0.0
46868,Crystal Palace,Newcastle,1,0,44.2,55.8,9.0,2.0,18.0,8.0,585.0,655.0,356.0,447.0,22.0,16.0,15.0,15.0,7.0,5.0,0.0,3.0,2.0,6.0,15.0,11.0,0.0,1.0
46872,Sheffield Utd,Brighton,1,1,66.3,33.7,3.0,2.0,13.0,9.0,782.0,523.0,532.0,285.0,15.0,15.0,7.0,56.0,12.0,2.0,3.0,2.0,0.0,2.0,5.0,6.0,0.0,0.0
46873,Southampton,Aston Villa,2,0,45.9,54.1,9.0,1.0,28.0,4.0,552.0,607.0,341.0,398.0,17.0,13.0,15.0,25.0,9.0,6.0,0.0,2.0,1.0,4.0,13.0,17.0,0.0,0.0
46869,Leicester,Man City,0,1,31.9,68.1,3.0,7.0,10.0,18.0,515.0,871.0,311.0,677.0,14.0,15.0,21.0,14.0,3.0,7.0,1.0,1.0,0.0,0.0,14.0,10.0,0.0,0.0
46871,Man Utd,Watford,3,0,58.0,42.0,9.0,2.0,21.0,7.0,789.0,601.0,597.0,420.0,21.0,16.0,15.0,6.0,3.0,5.0,1.0,1.0,0.0,1.0,6.0,15.0,0.0,0.0
46874,Wolves,Norwich,3,0,39.8,60.2,6.0,4.0,19.0,6.0,592.0,779.0,378.0,588.0,32.0,16.0,12.0,10.0,4.0,1.0,1.0,0.0,2.0,3.0,11.0,6.0,0.0,0.0
46867,Chelsea,Spurs,2,1,49.1,50.9,7.0,3.0,17.0,5.0,772.0,794.0,551.0,572.0,26.0,24.0,13.0,15.0,3.0,5.0,1.0,0.0,1.0,2.0,14.0,14.0,0.0,0.0
46860,Man City,West Ham,2,0,77.3,22.7,7.0,0.0,20.0,3.0,1070.0,433.0,896.0,254.0,11.0,15.0,12.0,36.0,6.0,1.0,1.0,3.0,0.0,1.0,5.0,7.0,0.0,0.0
46858,Chelsea,Man Utd,0,2,61.2,38.8,1.0,3.0,17.0,9.0,799.0,568.0,606.0,382.0,18.0,12.0,14.0,27.0,9.0,8.0,2.0,0.0,4.0,3.0,11.0,11.0,0.0,0.0
46855,Arsenal,Newcastle,4,0,68.4,31.6,7.0,2.0,15.0,10.0,816.0,463.0,643.0,295.0,12.0,18.0,15.0,20.0,5.0,6.0,1.0,4.0,2.0,0.0,15.0,9.0,0.0,0.0
46861,Norwich,Liverpool,0,1,36.7,63.3,1.0,6.0,5.0,17.0,571.0,801.0,373.0,624.0,17.0,16.0,33.0,7.0,2.0,7.0,1.0,0.0,1.0,2.0,5.0,11.0,0.0,0.0
46856,Aston Villa,Spurs,2,3,54.3,45.7,4.0,10.0,18.0,23.0,690.0,622.0,444.0,386.0,14.0,24.0,18.0,28.0,12.0,7.0,0.0,1.0,2.0,0.0,12.0,10.0,0.0,0.0
46864,Wolves,Leicester,0,0,40.8,59.2,3.0,3.0,15.0,9.0,557.0,698.0,328.0,493.0,18.0,21.0,15.0,17.0,7.0,0.0,2.0,0.0,2.0,2.0,13.0,10.0,0.0,1.0
46863,Southampton,Burnley,1,2,63.6,36.4,2.0,6.0,10.0,9.0,731.0,509.0,518.0,297.0,11.0,18.0,10.0,30.0,4.0,3.0,1.0,3.0,2.0,2.0,8.0,11.0,0.0,0.0
46857,Brighton,Watford,1,1,67.2,32.8,2.0,2.0,10.0,5.0,797.0,491.0,603.0,301.0,13.0,25.0,8.0,28.0,3.0,2.0,2.0,2.0,2.0,2.0,9.0,12.0,0.0,0.0
46862,Sheffield Utd,Bournemouth,2,1,54.3,45.7,6.0,2.0,16.0,10.0,666.0,613.0,449.0,391.0,17.0,10.0,20.0,47.0,8.0,4.0,0.0,1.0,2.0,3.0,10.0,8.0,0.0,0.0
46859,Everton,Crystal Palace,3,1,46.6,53.4,8.0,2.0,14.0,10.0,594.0,642.0,358.0,420.0,20.0,15.0,22.0,20.0,4.0,6.0,1.0,2.0,0.0,1.0,11.0,12.0,0.0,0.0
46852,Spurs,Man City,2,0,33.1,66.9,3.0,6.0,3.0,19.0,531.0,868.0,347.0,692.0,21.0,15.0,29.0,13.0,2.0,6.0,2.0,0.0,2.0,3.0,8.0,14.0,0.0,1.0
46845,Bournemouth,Aston Villa,2,1,39.6,60.4,6.0,5.0,16.0,18.0,524.0,660.0,303.0,456.0,12.0,5.0,36.0,13.0,1.0,8.0,1.0,3.0,1.0,3.0,10.0,15.0,1.0,0.0
46847,Crystal Palace,Sheffield Utd,0,1,60.7,39.3,3.0,3.0,13.0,10.0,721.0,533.0,515.0,337.0,14.0,20.0,12.0,28.0,9.0,5.0,1.0,0.0,3.0,2.0,9.0,15.0,1.0,0.0
46849,Liverpool,Southampton,4,0,61.5,38.5,9.0,4.0,16.0,17.0,728.0,539.0,530.0,321.0,14.0,18.0,23.0,26.0,6.0,11.0,2.0,5.0,0.0,2.0,9.0,15.0,0.0,0.0
46851,Newcastle,Norwich,0,0,43.4,56.6,5.0,4.0,15.0,19.0,579.0,687.0,365.0,485.0,15.0,10.0,37.0,22.0,8.0,12.0,3.0,0.0,2.0,1.0,10.0,15.0,0.0,0.0
46853,Watford,Everton,2,3,44.6,55.4,2.0,5.0,11.0,12.0,549.0,636.0,364.0,441.0,15.0,22.0,20.0,21.0,4.0,4.0,0.0,2.0,2.0,2.0,17.0,14.0,0.0,1.0
46854,West Ham,Brighton,3,3,35.1,64.9,6.0,6.0,12.0,19.0,524.0,799.0,321.0,607.0,23.0,19.0,20.0,13.0,4.0,6.0,2.0,1.0,1.0,1.0,8.0,9.0,0.0,0.0
46850,Man Utd,Wolves,0,0,63.7,36.3,5.0,4.0,16.0,15.0,851.0,575.0,633.0,354.0,19.0,28.0,12.0,21.0,4.0,6.0,0.0,1.0,3.0,2.0,14.0,15.0,0.0,0.0
46846,Burnley,Arsenal,0,0,42.7,57.3,2.0,2.0,15.0,13.0,533.0,658.0,324.0,462.0,20.0,17.0,21.0,23.0,5.0,7.0,4.0,1.0,1.0,3.0,8.0,11.0,0.0,0.0
46848,Leicester,Chelsea,2,2,49.7,50.3,4.0,3.0,14.0,7.0,671.0,698.0,478.0,485.0,25.0,15.0,18.0,18.0,4.0,6.0,1.0,1.0,2.0,2.0,16.0,14.0,0.0,0.0
46784,West Ham,Liverpool,0,2,29.4,70.6,4.0,5.0,7.0,13.0,519.0,1007.0,331.0,828.0,17.0,17.0,19.0,12.0,3.0,7.0,1.0,0.0,2.0,0.0,6.0,6.0,0.0,0.0
46841,Wolves,Liverpool,1,2,46.4,53.6,3.0,6.0,10.0,13.0,678.0,755.0,505.0,594.0,11.0,11.0,7.0,20.0,2.0,4.0,2.0,0.0,0.0,1.0,6.0,11.0,0.0,0.0
46838,Leicester,West Ham,4,1,67.3,32.7,8.0,2.0,19.0,6.0,771.0,456.0,569.0,273.0,17.0,9.0,10.0,24.0,7.0,8.0,2.0,1.0,1.0,1.0,10.0,19.0,0.0,0.0
46844,Spurs,Norwich,2,1,50.4,49.6,3.0,2.0,14.0,13.0,680.0,683.0,479.0,475.0,11.0,24.0,14.0,19.0,7.0,3.0,1.0,0.0,0.0,1.0,12.0,7.0,0.0,0.0
46839,Man Utd,Burnley,0,2,72.2,27.8,7.0,2.0,24.0,5.0,880.0,441.0,692.0,261.0,10.0,13.0,13.0,29.0,5.0,2.0,2.0,2.0,0.0,2.0,11.0,7.0,0.0,0.0
46835,Aston Villa,Watford,2,1,64.5,35.5,5.0,2.0,16.0,8.0,790.0,522.0,558.0,314.0,9.0,21.0,14.0,33.0,6.0,3.0,0.0,3.0,2.0,2.0,11.0,18.0,0.0,0.0
46836,Bournemouth,Brighton,3,1,34.7,65.3,3.0,8.0,11.0,21.0,495.0,785.0,303.0,567.0,10.0,16.0,20.0,14.0,5.0,8.0,2.0,1.0,1.0,1.0,9.0,12.0,0.0,0.0
46843,Crystal Palace,Southampton,0,2,44.4,55.6,0.0,6.0,6.0,15.0,597.0,681.0,365.0,451.0,20.0,22.0,18.0,16.0,0.0,8.0,2.0,1.0,1.0,2.0,12.0,13.0,0.0,0.0
46837,Everton,Newcastle,2,2,54.9,45.1,8.0,3.0,17.0,9.0,769.0,659.0,562.0,462.0,15.0,9.0,16.0,27.0,6.0,4.0,1.0,0.0,1.0,1.0,13.0,10.0,0.0,0.0
46840,Sheffield Utd,Man City,0,1,32.7,67.3,1.0,5.0,4.0,18.0,463.0,795.0,286.0,600.0,13.0,8.0,23.0,24.0,5.0,13.0,4.0,1.0,4.0,3.0,13.0,13.0,0.0,0.0
46842,Chelsea,Arsenal,2,2,58.8,41.2,8.0,2.0,19.0,2.0,751.0,579.0,546.0,385.0,18.0,21.0,18.0,31.0,17.0,5.0,2.0,1.0,2.0,1.0,11.0,6.0,0.0,1.0
46828,Liverpool,Man Utd,2,0,53.2,46.8,5.0,4.0,16.0,9.0,717.0,659.0,509.0,455.0,22.0,16.0,13.0,34.0,11.0,5.0,2.0,3.0,1.0,3.0,7.0,10.0,0.0,0.0
46825,Arsenal,Sheffield Utd,1,1,61.0,39.0,4.0,4.0,11.0,12.0,758.0,534.0,567.0,353.0,13.0,20.0,16.0,17.0,4.0,5.0,3.0,0.0,1.0,2.0,9.0,13.0,0.0,0.0
46826,Brighton,Aston Villa,1,1,55.3,44.7,2.0,3.0,10.0,8.0,729.0,618.0,500.0,397.0,20.0,20.0,12.0,19.0,3.0,4.0,2.0,4.0,3.0,3.0,11.0,13.0,0.0,0.0
46829,Man City,Crystal Palace,2,2,72.5,27.5,6.0,3.0,25.0,5.0,898.0,458.0,666.0,270.0,13.0,18.0,3.0,44.0,14.0,2.0,0.0,1.0,1.0,2.0,9.0,7.0,0.0,0.0
46831,Norwich,Bournemouth,1,0,66.0,34.0,5.0,3.0,16.0,6.0,820.0,493.0,635.0,316.0,13.0,19.0,11.0,21.0,4.0,5.0,0.0,3.0,2.0,2.0,10.0,10.0,1.0,1.0
46832,Southampton,Wolves,2,3,52.5,47.5,5.0,4.0,11.0,8.0,607.0,563.0,402.0,371.0,14.0,13.0,16.0,18.0,1.0,3.0,2.0,2.0,2.0,1.0,13.0,12.0,0.0,0.0
46834,West Ham,Everton,1,1,48.8,51.2,6.0,3.0,12.0,11.0,645.0,659.0,435.0,459.0,16.0,20.0,17.0,19.0,7.0,6.0,3.0,1.0,1.0,0.0,11.0,13.0,0.0,0.0
46830,Newcastle,Chelsea,1,0,30.1,69.9,2.0,4.0,7.0,19.0,507.0,854.0,286.0,655.0,13.0,15.0,40.0,9.0,1.0,10.0,1.0,2.0,1.0,1.0,9.0,14.0,0.0,0.0
46827,Burnley,Leicester,2,1,44.5,55.5,5.0,8.0,8.0,18.0,611.0,702.0,386.0,492.0,16.0,23.0,18.0,26.0,4.0,5.0,1.0,0.0,1.0,0.0,14.0,8.0,0.0,0.0
46833,Watford,Spurs,0,0,41.5,58.5,2.0,5.0,15.0,16.0,551.0,741.0,342.0,504.0,25.0,17.0,11.0,41.0,3.0,3.0,2.0,3.0,2.0,3.0,13.0,13.0,0.0,0.0
46815,Aston Villa,Man City,1,6,29.4,70.6,1.0,12.0,7.0,22.0,538.0,1037.0,362.0,877.0,15.0,16.0,20.0,5.0,2.0,4.0,1.0,0.0,2.0,1.0,5.0,12.0,0.0,0.0
46817,Chelsea,Burnley,3,0,65.5,34.5,8.0,3.0,18.0,7.0,754.0,473.0,568.0,300.0,13.0,13.0,9.0,22.0,10.0,3.0,6.0,6.0,0.0,3.0,7.0,4.0,0.0,0.0
46819,Everton,Brighton,1,0,53.8,46.2,6.0,2.0,14.0,9.0,705.0,646.0,491.0,426.0,21.0,13.0,22.0,27.0,4.0,3.0,2.0,2.0,2.0,1.0,7.0,7.0,0.0,0.0
46820,Leicester,Southampton,1,2,58.2,41.8,5.0,10.0,5.0,16.0,686.0,533.0,455.0,318.0,20.0,23.0,21.0,10.0,2.0,4.0,3.0,2.0,0.0,3.0,9.0,17.0,0.0,0.0
46821,Man Utd,Norwich,4,0,59.6,40.4,6.0,3.0,13.0,8.0,847.0,652.0,646.0,440.0,21.0,22.0,8.0,20.0,4.0,2.0,2.0,0.0,0.0,0.0,18.0,7.0,0.0,0.0
46824,Wolves,Newcastle,1,1,65.7,34.3,4.0,1.0,9.0,5.0,779.0,496.0,593.0,311.0,16.0,15.0,8.0,37.0,5.0,2.0,0.0,1.0,0.0,3.0,13.0,12.0,0.0,0.0
46823,Spurs,Liverpool,0,1,33.2,66.8,4.0,7.0,14.0,13.0,591.0,961.0,381.0,786.0,13.0,20.0,38.0,9.0,4.0,3.0,2.0,2.0,0.0,2.0,4.0,8.0,0.0,0.0
46816,Bournemouth,Watford,0,3,56.7,43.3,1.0,6.0,10.0,18.0,742.0,609.0,536.0,411.0,8.0,27.0,15.0,36.0,5.0,5.0,0.0,5.0,1.0,1.0,3.0,13.0,0.0,0.0
46822,Sheffield Utd,West Ham,1,0,46.9,53.1,3.0,2.0,13.0,7.0,612.0,713.0,437.0,504.0,19.0,16.0,11.0,18.0,7.0,3.0,3.0,1.0,1.0,0.0,11.0,6.0,0.0,0.0
46818,Crystal Palace,Arsenal,1,1,42.7,57.3,3.0,4.0,6.0,7.0,567.0,691.0,362.0,487.0,25.0,17.0,11.0,19.0,1.0,4.0,3.0,1.0,2.0,3.0,14.0,22.0,0.0,1.0
46808,Liverpool,Sheffield Utd,2,0,74.8,25.2,7.0,2.0,19.0,3.0,1109.0,470.0,969.0,327.0,6.0,14.0,9.0,29.0,8.0,4.0,1.0,3.0,0.0,0.0,5.0,8.0,0.0,0.0
46810,Newcastle,Leicester,0,3,23.4,76.6,2.0,10.0,5.0,17.0,431.0,1022.0,244.0,833.0,15.0,17.0,20.0,14.0,4.0,5.0,0.0,3.0,1.0,1.0,8.0,12.0,0.0,0.0
46812,Southampton,Spurs,1,0,40.9,59.1,3.0,5.0,12.0,11.0,583.0,741.0,343.0,499.0,22.0,23.0,37.0,24.0,6.0,9.0,1.0,3.0,3.0,4.0,21.0,8.0,0.0,0.0
46813,Watford,Wolves,2,1,36.4,63.6,3.0,4.0,9.0,16.0,519.0,773.0,343.0,578.0,13.0,23.0,34.0,7.0,4.0,7.0,1.0,0.0,3.0,1.0,12.0,6.0,1.0,0.0
46809,Man City,Everton,2,1,65.4,34.6,7.0,2.0,16.0,7.0,943.0,555.0,777.0,401.0,10.0,14.0,13.0,11.0,3.0,6.0,3.0,1.0,0.0,4.0,11.0,11.0,0.0,0.0
46811,Norwich,Crystal Palace,1,1,40.6,59.4,4.0,3.0,15.0,12.0,604.0,744.0,362.0,521.0,30.0,16.0,32.0,8.0,2.0,5.0,2.0,1.0,5.0,0.0,12.0,9.0,0.0,0.0
46814,West Ham,Bournemouth,4,0,42.6,57.4,7.0,2.0,14.0,3.0,639.0,808.0,444.0,618.0,23.0,20.0,14.0,21.0,9.0,2.0,1.0,3.0,1.0,2.0,3.0,12.0,1.0,0.0
46805,Arsenal,Man Utd,2,0,48.8,51.2,4.0,4.0,10.0,10.0,715.0,729.0,513.0,542.0,19.0,12.0,18.0,7.0,1.0,4.0,0.0,0.0,2.0,0.0,11.0,15.0,0.0,0.0
46806,Brighton,Chelsea,1,1,47.7,52.3,5.0,5.0,16.0,16.0,714.0,755.0,484.0,537.0,20.0,25.0,13.0,26.0,5.0,3.0,0.0,3.0,2.0,3.0,8.0,15.0,0.0,0.0
46807,Burnley,Aston Villa,1,2,61.9,38.1,1.0,6.0,20.0,11.0,699.0,500.0,506.0,327.0,7.0,13.0,12.0,31.0,8.0,4.0,2.0,1.0,1.0,1.0,12.0,10.0,0.0,0.0
46798,Liverpool,Wolves,1,0,62.9,37.1,3.0,2.0,10.0,10.0,808.0,559.0,607.0,352.0,19.0,23.0,15.0,20.0,5.0,6.0,2.0,5.0,1.0,0.0,7.0,3.0,0.0,0.0
46799,Man City,Sheffield Utd,2,0,72.9,27.1,4.0,0.0,16.0,8.0,1021.0,477.0,871.0,314.0,10.0,16.0,12.0,23.0,8.0,5.0,1.0,5.0,1.0,1.0,5.0,6.0,0.0,0.0
46800,Newcastle,Everton,1,2,42.7,57.3,5.0,9.0,20.0,22.0,535.0,659.0,317.0,435.0,14.0,15.0,25.0,32.0,5.0,8.0,3.0,2.0,2.0,2.0,13.0,13.0,0.0,0.0
46802,Southampton,Crystal Palace,1,1,59.9,40.1,5.0,2.0,14.0,5.0,682.0,543.0,471.0,334.0,20.0,16.0,11.0,32.0,12.0,4.0,2.0,2.0,1.0,2.0,13.0,7.0,0.0,0.0
46803,Watford,Aston Villa,3,0,48.8,51.2,6.0,2.0,20.0,11.0,600.0,631.0,417.0,433.0,14.0,11.0,23.0,23.0,6.0,3.0,1.0,3.0,3.0,1.0,16.0,9.0,1.0,0.0
46801,Norwich,Spurs,2,2,41.1,58.9,2.0,7.0,5.0,15.0,597.0,768.0,394.0,554.0,22.0,22.0,26.0,11.0,4.0,6.0,3.0,3.0,3.0,3.0,12.0,10.0,0.0,0.0
46804,West Ham,Leicester,1,2,42.7,57.3,4.0,8.0,14.0,13.0,591.0,751.0,383.0,523.0,24.0,11.0,17.0,10.0,5.0,5.0,2.0,3.0,4.0,1.0,16.0,4.0,0.0,0.0
46797,Burnley,Man Utd,0,2,38.6,61.4,1.0,5.0,8.0,14.0,455.0,675.0,295.0,501.0,13.0,6.0,12.0,20.0,5.0,4.0,5.0,2.0,4.0,3.0,17.0,10.0,0.0,0.0
46795,Arsenal,Chelsea,1,2,42.1,57.9,2.0,4.0,7.0,13.0,615.0,771.0,427.0,577.0,16.0,17.0,20.0,10.0,2.0,3.0,2.0,1.0,5.0,4.0,13.0,19.0,0.0,0.0
46794,Wolves,Man City,3,2,61.9,38.1,8.0,3.0,21.0,7.0,759.0,530.0,564.0,358.0,13.0,16.0,2.0,32.0,3.0,1.0,0.0,1.0,0.0,1.0,7.0,13.0,0.0,1.0
46796,Brighton,Bournemouth,2,0,55.1,44.9,6.0,2.0,16.0,10.0,706.0,600.0,496.0,413.0,23.0,18.0,12.0,30.0,9.0,2.0,3.0,0.0,0.0,2.0,9.0,11.0,0.0,0.0
46785,Aston Villa,Norwich,1,0,42.5,57.5,2.0,6.0,11.0,16.0,553.0,704.0,363.0,508.0,19.0,7.0,20.0,29.0,5.0,8.0,1.0,0.0,2.0,3.0,15.0,12.0,0.0,0.0
46786,Bournemouth,Arsenal,1,1,39.5,60.5,4.0,2.0,12.0,17.0,580.0,796.0,383.0,599.0,16.0,10.0,24.0,19.0,8.0,3.0,1.0,0.0,4.0,4.0,5.0,13.0,0.0,0.0
46787,Chelsea,Southampton,0,2,66.1,33.9,3.0,3.0,10.0,5.0,937.0,595.0,688.0,362.0,21.0,32.0,7.0,31.0,8.0,1.0,1.0,2.0,3.0,2.0,10.0,9.0,0.0,0.0
46788,Crystal Palace,West Ham,2,1,58.2,41.8,4.0,2.0,13.0,10.0,787.0,608.0,557.0,390.0,16.0,30.0,16.0,27.0,7.0,6.0,1.0,2.0,0.0,2.0,5.0,10.0,0.0,0.0
46789,Everton,Burnley,1,0,67.5,32.5,5.0,0.0,21.0,6.0,717.0,418.0,521.0,255.0,5.0,20.0,14.0,25.0,10.0,2.0,0.0,1.0,0.0,0.0,15.0,14.0,0.0,0.0
46792,Sheffield Utd,Watford,1,1,58.1,41.9,4.0,2.0,16.0,5.0,713.0,583.0,517.0,386.0,18.0,7.0,10.0,27.0,9.0,1.0,4.0,1.0,0.0,3.0,11.0,8.0,0.0,0.0
46791,Man Utd,Newcastle,4,1,73.3,26.7,10.0,2.0,22.0,7.0,986.0,471.0,815.0,295.0,17.0,20.0,2.0,22.0,5.0,0.0,1.0,1.0,2.0,2.0,10.0,7.0,0.0,0.0
46790,Leicester,Liverpool,0,4,41.2,58.8,0.0,6.0,3.0,15.0,618.0,788.0,421.0,590.0,16.0,10.0,36.0,15.0,2.0,8.0,6.0,3.0,1.0,1.0,5.0,7.0,0.0,0.0
46793,Spurs,Brighton,2,1,53.8,46.2,5.0,5.0,11.0,11.0,692.0,640.0,494.0,416.0,19.0,23.0,19.0,28.0,9.0,2.0,5.0,0.0,4.0,2.0,10.0,9.0,0.0,0.0
46782,Spurs,Chelsea,0,2,44.5,55.5,1.0,3.0,5.0,13.0,651.0,768.0,455.0,571.0,19.0,16.0,20.0,15.0,3.0,5.0,0.0,2.0,4.0,3.0,9.0,11.0,1.0,0.0
46775,Aston Villa,Southampton,1,3,56.5,43.5,6.0,8.0,19.0,17.0,667.0,543.0,432.0,341.0,9.0,16.0,21.0,24.0,7.0,5.0,2.0,3.0,2.0,1.0,16.0,15.0,0.0,0.0
46776,Bournemouth,Burnley,0,1,64.8,35.2,0.0,1.0,3.0,2.0,635.0,410.0,437.0,230.0,15.0,13.0,31.0,27.0,4.0,5.0,2.0,0.0,2.0,4.0,13.0,21.0,0.0,0.0
46777,Brighton,Sheffield Utd,0,1,69.0,31.0,2.0,2.0,9.0,7.0,832.0,456.0,648.0,293.0,9.0,22.0,6.0,23.0,4.0,3.0,2.0,3.0,1.0,3.0,6.0,11.0,0.0,0.0
46780,Newcastle,Crystal Palace,1,0,42.5,57.5,3.0,4.0,8.0,16.0,552.0,702.0,365.0,503.0,25.0,18.0,16.0,14.0,4.0,5.0,2.0,0.0,2.0,0.0,12.0,11.0,0.0,0.0
46781,Norwich,Wolves,1,2,50.2,49.8,7.0,4.0,13.0,14.0,642.0,618.0,455.0,440.0,15.0,13.0,18.0,12.0,3.0,11.0,3.0,2.0,2.0,4.0,7.0,14.0,0.0,0.0
46779,Man City,Leicester,3,1,62.7,37.3,12.0,2.0,23.0,5.0,859.0,585.0,690.0,409.0,19.0,14.0,3.0,16.0,6.0,0.0,1.0,3.0,2.0,2.0,14.0,9.0,0.0,0.0
46783,Watford,Man Utd,2,0,36.1,63.9,3.0,8.0,11.0,17.0,511.0,767.0,313.0,562.0,19.0,18.0,15.0,22.0,3.0,5.0,5.0,4.0,3.0,1.0,16.0,11.0,0.0,0.0
46778,Everton,Arsenal,0,0,43.0,57.0,0.0,2.0,9.0,6.0,548.0,678.0,353.0,484.0,15.0,14.0,13.0,24.0,5.0,4.0,0.0,1.0,2.0,3.0,10.0,11.0,0.0,0.0
46768,Crystal Palace,Brighton,1,1,34.8,65.2,4.0,10.0,11.0,15.0,535.0,801.0,315.0,593.0,14.0,16.0,32.0,13.0,3.0,7.0,0.0,1.0,1.0,1.0,7.0,12.0,0.0,0.0
46765,Arsenal,Man City,0,3,42.4,57.6,1.0,7.0,6.0,14.0,674.0,847.0,482.0,672.0,16.0,21.0,10.0,20.0,3.0,3.0,2.0,1.0,1.0,4.0,9.0,24.0,0.0,0.0
46766,Burnley,Newcastle,1,0,48.0,52.0,4.0,0.0,7.0,9.0,560.0,575.0,369.0,397.0,14.0,17.0,28.0,15.0,4.0,3.0,3.0,1.0,0.0,2.0,15.0,12.0,0.0,0.0
46767,Chelsea,Bournemouth,0,1,67.0,33.0,5.0,2.0,18.0,11.0,813.0,530.0,590.0,293.0,15.0,7.0,26.0,47.0,9.0,4.0,3.0,1.0,1.0,2.0,9.0,14.0,0.0,0.0
46769,Leicester,Norwich,1,1,56.8,43.2,5.0,3.0,18.0,10.0,746.0,606.0,513.0,397.0,21.0,17.0,15.0,24.0,12.0,4.0,0.0,1.0,0.0,5.0,11.0,15.0,0.0,0.0
46772,Sheffield Utd,Aston Villa,2,0,56.7,43.3,3.0,0.0,7.0,8.0,697.0,596.0,512.0,396.0,12.0,11.0,16.0,43.0,3.0,2.0,3.0,0.0,2.0,2.0,10.0,9.0,0.0,0.0
46773,Southampton,West Ham,0,1,57.0,43.0,2.0,4.0,11.0,11.0,701.0,561.0,474.0,359.0,15.0,17.0,24.0,29.0,5.0,8.0,4.0,2.0,1.0,3.0,9.0,14.0,0.0,0.0
46771,Man Utd,Everton,1,1,66.5,33.5,8.0,3.0,24.0,8.0,759.0,470.0,529.0,264.0,14.0,21.0,18.0,30.0,6.0,5.0,2.0,3.0,1.0,2.0,10.0,12.0,0.0,0.0
46774,Wolves,Spurs,1,2,57.8,42.2,5.0,5.0,19.0,9.0,699.0,592.0,494.0,375.0,18.0,18.0,9.0,40.0,11.0,2.0,0.0,1.0,4.0,4.0,14.0,10.0,0.0,0.0
46770,Liverpool,Watford,2,0,67.9,32.1,6.0,2.0,16.0,8.0,847.0,514.0,649.0,309.0,14.0,21.0,14.0,35.0,6.0,3.0,5.0,4.0,2.0,1.0,8.0,6.0,0.0,0.0
46764,West Ham,Arsenal,1,3,35.8,64.2,4.0,3.0,11.0,10.0,541.0,864.0,365.0,675.0,27.0,12.0,10.0,16.0,4.0,3.0,1.0,0.0,2.0,0.0,12.0,6.0,0.0,0.0
46757,Brighton,Wolves,2,2,62.0,38.0,5.0,6.0,13.0,13.0,743.0,521.0,581.0,356.0,13.0,9.0,11.0,11.0,3.0,4.0,1.0,3.0,3.0,0.0,10.0,7.0,0.0,0.0
46756,Bournemouth,Liverpool,0,3,26.2,73.8,0.0,9.0,3.0,21.0,467.0,1017.0,305.0,852.0,12.0,10.0,35.0,5.0,1.0,3.0,5.0,1.0,0.0,1.0,5.0,6.0,0.0,0.0
46762,Spurs,Burnley,5,0,49.0,51.0,7.0,1.0,13.0,7.0,661.0,671.0,476.0,479.0,19.0,15.0,23.0,10.0,1.0,1.0,1.0,2.0,1.0,1.0,12.0,8.0,0.0,0.0
46763,Watford,Crystal Palace,0,0,50.2,49.8,3.0,0.0,13.0,3.0,580.0,591.0,384.0,391.0,14.0,14.0,15.0,26.0,6.0,2.0,1.0,1.0,4.0,2.0,15.0,16.0,0.0,0.0
46759,Man City,Man Utd,1,2,71.9,28.1,5.0,7.0,22.0,11.0,885.0,475.0,658.0,265.0,14.0,19.0,9.0,39.0,16.0,3.0,1.0,0.0,3.0,2.0,10.0,10.0,0.0,0.0
46755,Aston Villa,Leicester,1,4,40.4,59.6,2.0,8.0,15.0,23.0,518.0,693.0,306.0,478.0,14.0,17.0,22.0,30.0,8.0,5.0,0.0,1.0,6.0,2.0,21.0,15.0,0.0,0.0
46760,Newcastle,Southampton,2,1,45.3,54.7,6.0,4.0,12.0,19.0,581.0,630.0,344.0,410.0,16.0,24.0,25.0,17.0,3.0,12.0,0.0,1.0,1.0,3.0,11.0,17.0,0.0,0.0
46761,Norwich,Sheffield Utd,1,2,58.2,41.8,4.0,3.0,14.0,9.0,786.0,625.0,579.0,418.0,17.0,17.0,15.0,23.0,9.0,1.0,1.0,2.0,0.0,4.0,6.0,12.0,0.0,1.0
46758,Everton,Chelsea,3,1,30.0,70.0,7.0,4.0,13.0,15.0,470.0,843.0,255.0,594.0,36.0,14.0,25.0,23.0,1.0,5.0,2.0,3.0,3.0,0.0,14.0,9.0,0.0,0.0
46749,Sheffield Utd,Newcastle,0,2,73.3,26.7,6.0,4.0,13.0,6.0,881.0,449.0,675.0,253.0,18.0,14.0,13.0,41.0,8.0,1.0,3.0,2.0,2.0,0.0,10.0,6.0,0.0,0.0
46745,Arsenal,Brighton,1,2,49.2,50.8,5.0,9.0,12.0,20.0,606.0,596.0,389.0,413.0,19.0,11.0,13.0,24.0,9.0,9.0,7.0,0.0,3.0,1.0,10.0,11.0,0.0,0.0
46751,Chelsea,Aston Villa,2,1,64.5,35.5,9.0,3.0,25.0,9.0,869.0,597.0,649.0,349.0,13.0,22.0,15.0,30.0,9.0,5.0,0.0,1.0,2.0,1.0,18.0,10.0,0.0,0.0
46747,Leicester,Watford,2,0,63.0,37.0,6.0,1.0,12.0,4.0,762.0,526.0,569.0,324.0,11.0,17.0,27.0,30.0,7.0,2.0,3.0,1.0,3.0,2.0,13.0,16.0,0.0,0.0
46748,Man Utd,Spurs,2,1,46.6,53.4,7.0,5.0,12.0,8.0,638.0,712.0,441.0,497.0,20.0,18.0,15.0,19.0,4.0,3.0,1.0,1.0,0.0,1.0,9.0,9.0,0.0,0.0
46754,Southampton,Norwich,2,1,40.1,59.9,5.0,3.0,14.0,10.0,582.0,795.0,366.0,562.0,27.0,12.0,15.0,30.0,6.0,1.0,3.0,1.0,1.0,1.0,12.0,7.0,0.0,0.0
46750,Wolves,West Ham,2,0,49.4,50.6,7.0,3.0,13.0,6.0,680.0,676.0,479.0,496.0,12.0,23.0,17.0,17.0,5.0,4.0,3.0,3.0,1.0,2.0,8.0,9.0,0.0,0.0
46753,Liverpool,Everton,5,2,58.5,41.5,5.0,4.0,11.0,12.0,704.0,542.0,501.0,339.0,15.0,19.0,25.0,15.0,5.0,6.0,3.0,3.0,1.0,2.0,13.0,17.0,0.0,0.0
46752,Crystal Palace,Bournemouth,1,0,30.8,69.2,2.0,3.0,7.0,6.0,465.0,769.0,258.0,575.0,16.0,26.0,30.0,18.0,6.0,9.0,1.0,0.0,3.0,3.0,6.0,15.0,1.0,0.0
46746,Burnley,Man City,1,4,24.5,75.5,2.0,8.0,4.0,17.0,422.0,947.0,250.0,774.0,14.0,8.0,24.0,18.0,3.0,6.0,0.0,2.0,1.0,1.0,9.0,6.0,0.0,0.0
46737,Leicester,Everton,2,1,69.3,30.7,6.0,3.0,16.0,11.0,853.0,503.0,652.0,275.0,19.0,20.0,9.0,32.0,4.0,4.0,1.0,3.0,0.0,1.0,7.0,9.0,0.0,0.0
46739,Man Utd,Aston Villa,2,2,62.3,37.7,6.0,3.0,16.0,9.0,714.0,503.0,525.0,309.0,6.0,22.0,15.0,18.0,9.0,9.0,1.0,4.0,4.0,1.0,16.0,8.0,0.0,0.0
46735,Burnley,Crystal Palace,0,2,43.5,56.5,4.0,2.0,15.0,7.0,553.0,685.0,347.0,464.0,20.0,15.0,16.0,31.0,5.0,6.0,1.0,1.0,2.0,0.0,13.0,9.0,0.0,0.0
46736,Chelsea,West Ham,0,1,65.7,34.3,6.0,4.0,19.0,5.0,920.0,545.0,671.0,354.0,7.0,26.0,9.0,30.0,9.0,3.0,3.0,0.0,0.0,3.0,0.0,16.0,0.0,0.0
46738,Liverpool,Brighton,2,1,44.8,55.2,7.0,5.0,15.0,12.0,654.0,790.0,482.0,592.0,11.0,11.0,16.0,20.0,4.0,5.0,1.0,6.0,0.0,0.0,3.0,10.0,1.0,0.0
46743,Spurs,Bournemouth,3,2,52.6,47.4,5.0,6.0,14.0,20.0,714.0,649.0,515.0,455.0,19.0,8.0,29.0,19.0,4.0,8.0,1.0,0.0,0.0,2.0,10.0,12.0,0.0,0.0
46742,Southampton,Watford,2,1,62.8,37.2,6.0,3.0,11.0,6.0,784.0,519.0,548.0,315.0,17.0,18.0,19.0,32.0,6.0,7.0,2.0,4.0,1.0,0.0,6.0,10.0,0.0,0.0
46741,Norwich,Arsenal,2,2,39.9,60.1,8.0,7.0,15.0,16.0,573.0,742.0,364.0,541.0,12.0,16.0,35.0,14.0,7.0,12.0,1.0,0.0,2.0,1.0,8.0,10.0,0.0,0.0
46744,Wolves,Sheffield Utd,1,1,59.4,40.6,3.0,4.0,13.0,10.0,718.0,583.0,517.0,361.0,17.0,19.0,13.0,37.0,7.0,2.0,1.0,3.0,1.0,5.0,12.0,18.0,0.0,0.0
46740,Newcastle,Man City,2,2,23.6,76.4,3.0,9.0,6.0,24.0,453.0,958.0,238.0,760.0,18.0,12.0,40.0,10.0,1.0,10.0,3.0,3.0,1.0,2.0,4.0,6.0,0.0,0.0
46726,Aston Villa,Newcastle,2,0,62.0,38.0,8.0,5.0,17.0,11.0,687.0,505.0,490.0,296.0,15.0,15.0,19.0,27.0,11.0,6.0,1.0,2.0,1.0,1.0,10.0,9.0,0.0,0.0
46732,Sheffield Utd,Man Utd,3,3,40.6,59.4,8.0,5.0,12.0,11.0,580.0,789.0,383.0,587.0,13.0,10.0,21.0,21.0,6.0,3.0,3.0,1.0,1.0,2.0,13.0,10.0,0.0,0.0
46725,Arsenal,Southampton,2,2,61.0,39.0,5.0,6.0,12.0,21.0,729.0,540.0,487.0,316.0,25.0,18.0,17.0,21.0,6.0,8.0,2.0,1.0,6.0,2.0,13.0,19.0,0.0,0.0
46727,Bournemouth,Wolves,1,2,46.6,53.4,2.0,8.0,9.0,18.0,608.0,689.0,443.0,509.0,9.0,11.0,18.0,27.0,5.0,9.0,0.0,4.0,2.0,1.0,10.0,12.0,1.0,0.0
46728,Brighton,Leicester,0,2,52.6,47.4,0.0,9.0,7.0,19.0,650.0,594.0,458.0,418.0,11.0,17.0,11.0,22.0,6.0,7.0,2.0,1.0,2.0,0.0,9.0,1.0,0.0,0.0
46729,Crystal Palace,Liverpool,1,2,40.0,60.0,6.0,4.0,16.0,12.0,544.0,703.0,330.0,510.0,14.0,24.0,31.0,29.0,9.0,8.0,3.0,0.0,0.0,1.0,8.0,7.0,0.0,0.0
46730,Everton,Norwich,0,2,57.3,42.7,7.0,5.0,18.0,13.0,621.0,538.0,401.0,307.0,20.0,18.0,14.0,35.0,7.0,7.0,0.0,0.0,3.0,5.0,12.0,11.0,0.0,0.0
46733,Watford,Burnley,0,3,61.9,38.1,4.0,5.0,15.0,11.0,582.0,422.0,396.0,248.0,11.0,6.0,23.0,29.0,7.0,5.0,2.0,2.0,1.0,3.0,14.0,13.0,0.0,0.0
46731,Man City,Chelsea,2,1,46.7,53.3,4.0,2.0,15.0,11.0,728.0,821.0,558.0,644.0,15.0,15.0,12.0,23.0,8.0,2.0,3.0,4.0,1.0,1.0,5.0,9.0,0.0,0.0
46734,West Ham,Spurs,2,3,47.1,52.9,4.0,6.0,11.0,15.0,612.0,655.0,407.0,471.0,18.0,19.0,13.0,15.0,3.0,7.0,4.0,6.0,3.0,2.0,12.0,14.0,0.0,0.0
46718,Liverpool,Man City,3,1,45.0,55.0,5.0,3.0,12.0,18.0,609.0,717.0,416.0,507.0,13.0,15.0,27.0,24.0,4.0,13.0,3.0,5.0,0.0,2.0,10.0,5.0,0.0,0.0
46715,Burnley,West Ham,3,0,40.0,60.0,12.0,4.0,14.0,7.0,496.0,633.0,299.0,459.0,7.0,14.0,21.0,21.0,11.0,4.0,7.0,1.0,2.0,1.0,17.0,10.0,0.0,0.0
46720,Newcastle,Bournemouth,2,1,33.9,66.1,9.0,4.0,21.0,16.0,485.0,778.0,279.0,559.0,18.0,14.0,31.0,24.0,5.0,4.0,4.0,1.0,2.0,0.0,10.0,5.0,0.0,0.0
46722,Southampton,Everton,1,2,47.3,52.7,3.0,5.0,4.0,24.0,547.0,596.0,345.0,377.0,12.0,23.0,24.0,20.0,5.0,9.0,2.0,0.0,1.0,1.0,12.0,12.0,0.0,0.0
46723,Spurs,Sheffield Utd,1,1,61.1,38.9,5.0,4.0,17.0,14.0,806.0,591.0,602.0,378.0,19.0,27.0,19.0,23.0,4.0,4.0,1.0,6.0,2.0,2.0,6.0,9.0,0.0,0.0
46717,Leicester,Arsenal,2,0,50.2,49.8,7.0,1.0,19.0,8.0,690.0,673.0,486.0,478.0,19.0,18.0,19.0,15.0,5.0,4.0,1.0,2.0,1.0,1.0,10.0,10.0,0.0,0.0
46719,Man Utd,Brighton,3,1,42.7,57.3,11.0,2.0,21.0,6.0,577.0,707.0,358.0,483.0,24.0,28.0,11.0,14.0,5.0,2.0,0.0,4.0,2.0,5.0,10.0,14.0,0.0,0.0
46724,Wolves,Aston Villa,2,1,50.1,49.9,5.0,4.0,17.0,13.0,594.0,589.0,385.0,375.0,14.0,20.0,28.0,15.0,6.0,3.0,0.0,1.0,4.0,3.0,17.0,8.0,0.0,0.0
46721,Norwich,Watford,0,2,65.8,34.2,5.0,2.0,17.0,12.0,832.0,522.0,597.0,315.0,18.0,25.0,9.0,36.0,10.0,4.0,1.0,0.0,1.0,2.0,7.0,13.0,0.0,1.0
46716,Chelsea,Crystal Palace,2,0,60.6,39.4,5.0,1.0,23.0,3.0,774.0,559.0,572.0,377.0,19.0,19.0,9.0,21.0,7.0,0.0,0.0,0.0,3.0,2.0,9.0,17.0,0.0,0.0
46710,Everton,Spurs,1,1,47.3,52.7,3.0,2.0,7.0,5.0,567.0,651.0,375.0,443.0,26.0,15.0,8.0,24.0,5.0,2.0,1.0,2.0,1.0,2.0,9.0,8.0,0.0,1.0
46705,Arsenal,Wolves,1,1,57.5,42.5,4.0,8.0,10.0,24.0,766.0,613.0,539.0,397.0,16.0,22.0,20.0,21.0,8.0,9.0,2.0,2.0,0.0,2.0,6.0,15.0,0.0,0.0
46706,Aston Villa,Liverpool,1,2,26.3,73.7,2.0,6.0,4.0,25.0,447.0,860.0,226.0,634.0,20.0,17.0,47.0,21.0,2.0,10.0,3.0,2.0,1.0,2.0,12.0,9.0,0.0,0.0
46708,Brighton,Norwich,2,0,58.5,41.5,5.0,0.0,21.0,7.0,733.0,572.0,538.0,391.0,19.0,13.0,5.0,19.0,8.0,3.0,3.0,1.0,0.0,1.0,11.0,8.0,0.0,0.0
46711,Man City,Southampton,2,1,75.3,24.7,4.0,3.0,26.0,3.0,885.0,461.0,639.0,225.0,9.0,20.0,5.0,76.0,17.0,0.0,3.0,0.0,3.0,1.0,11.0,10.0,0.0,0.0
46712,Sheffield Utd,Burnley,3,0,45.6,54.4,6.0,0.0,13.0,6.0,563.0,627.0,384.0,460.0,17.0,5.0,23.0,17.0,7.0,6.0,1.0,0.0,1.0,2.0,8.0,12.0,0.0,0.0
46714,West Ham,Newcastle,2,3,69.5,30.5,6.0,9.0,16.0,12.0,788.0,454.0,583.0,262.0,13.0,18.0,12.0,40.0,7.0,3.0,1.0,4.0,2.0,1.0,10.0,7.0,0.0,0.0
46713,Watford,Chelsea,1,2,32.8,67.2,3.0,10.0,12.0,16.0,555.0,991.0,373.0,793.0,16.0,16.0,20.0,17.0,1.0,6.0,0.0,0.0,4.0,2.0,8.0,5.0,0.0,0.0
46709,Crystal Palace,Leicester,0,2,44.2,55.8,3.0,5.0,12.0,14.0,548.0,634.0,334.0,431.0,19.0,22.0,12.0,24.0,5.0,6.0,2.0,1.0,2.0,2.0,15.0,16.0,0.0,0.0
46707,Bournemouth,Man Utd,1,0,42.6,57.4,6.0,4.0,13.0,15.0,581.0,700.0,366.0,488.0,13.0,18.0,33.0,11.0,4.0,10.0,1.0,4.0,4.0,3.0,14.0,12.0,0.0,0.0
46695,Arsenal,Crystal Palace,2,2,56.2,43.8,6.0,4.0,15.0,10.0,639.0,554.0,444.0,345.0,21.0,14.0,18.0,26.0,12.0,5.0,1.0,1.0,2.0,0.0,18.0,9.0,0.0,0.0
46698,Liverpool,Spurs,2,1,68.0,32.0,13.0,4.0,21.0,11.0,836.0,523.0,631.0,298.0,20.0,16.0,8.0,35.0,8.0,3.0,0.0,4.0,3.0,3.0,9.0,11.0,0.0,0.0
46701,Norwich,Man Utd,1,3,46.1,53.9,3.0,11.0,10.0,21.0,619.0,692.0,417.0,480.0,26.0,24.0,16.0,13.0,1.0,10.0,1.0,0.0,2.0,2.0,13.0,10.0,0.0,0.0
46697,Burnley,Chelsea,2,4,36.7,63.3,5.0,7.0,13.0,16.0,577.0,882.0,390.0,691.0,16.0,13.0,16.0,20.0,5.0,6.0,1.0,0.0,3.0,2.0,7.0,8.0,0.0,0.0
46700,Newcastle,Wolves,1,1,43.1,56.9,2.0,5.0,13.0,13.0,595.0,720.0,405.0,533.0,13.0,18.0,28.0,17.0,3.0,6.0,1.0,1.0,2.0,2.0,8.0,16.0,1.0,0.0
46702,Southampton,Leicester,0,9,27.4,72.6,3.0,15.0,6.0,25.0,483.0,925.0,272.0,709.0,20.0,26.0,18.0,8.0,2.0,7.0,1.0,0.0,0.0,0.0,3.0,12.0,1.0,0.0
46699,Man City,Aston Villa,3,0,63.1,36.9,10.0,5.0,26.0,11.0,794.0,537.0,597.0,341.0,13.0,10.0,18.0,27.0,13.0,7.0,1.0,2.0,1.0,1.0,10.0,5.0,1.0,0.0
46696,Brighton,Everton,3,2,55.5,44.5,4.0,6.0,8.0,10.0,720.0,613.0,533.0,425.0,18.0,17.0,8.0,14.0,0.0,5.0,3.0,2.0,2.0,1.0,12.0,12.0,0.0,0.0
46703,Watford,Bournemouth,0,0,40.2,59.8,3.0,5.0,7.0,15.0,545.0,713.0,337.0,501.0,20.0,16.0,23.0,21.0,5.0,10.0,5.0,3.0,5.0,3.0,14.0,8.0,0.0,0.0
46704,West Ham,Sheffield Utd,1,1,60.8,39.2,4.0,4.0,12.0,10.0,724.0,551.0,545.0,357.0,12.0,11.0,8.0,27.0,10.0,4.0,4.0,4.0,2.0,2.0,7.0,10.0,0.0,0.0
46692,Sheffield Utd,Arsenal,1,0,31.4,68.6,2.0,3.0,8.0,9.0,492.0,835.0,287.0,633.0,21.0,17.0,25.0,12.0,7.0,12.0,1.0,1.0,4.0,4.0,10.0,12.0,0.0,0.0
46691,Man Utd,Liverpool,1,1,32.0,68.0,2.0,4.0,7.0,10.0,509.0,842.0,299.0,652.0,10.0,18.0,29.0,17.0,3.0,1.0,4.0,1.0,0.0,1.0,6.0,14.0,0.0,0.0
46688,Crystal Palace,Man City,0,2,28.7,71.3,2.0,10.0,7.0,21.0,469.0,868.0,276.0,682.0,13.0,11.0,26.0,13.0,1.0,8.0,3.0,2.0,1.0,1.0,8.0,10.0,0.0,0.0
46689,Everton,West Ham,2,0,51.3,48.7,10.0,4.0,19.0,8.0,596.0,592.0,390.0,384.0,24.0,13.0,9.0,26.0,11.0,2.0,9.0,4.0,2.0,2.0,15.0,15.0,0.0,0.0
46685,Aston Villa,Brighton,2,1,48.9,51.1,8.0,5.0,24.0,20.0,651.0,659.0,441.0,475.0,6.0,11.0,16.0,28.0,7.0,5.0,1.0,0.0,1.0,2.0,9.0,17.0,0.0,1.0
46686,Bournemouth,Norwich,0,0,47.7,52.3,2.0,1.0,11.0,10.0,618.0,663.0,407.0,469.0,16.0,14.0,23.0,33.0,6.0,7.0,2.0,2.0,1.0,3.0,8.0,11.0,0.0,0.0
46687,Chelsea,Newcastle,1,0,71.1,28.9,8.0,0.0,16.0,5.0,851.0,441.0,634.0,258.0,23.0,12.0,16.0,31.0,11.0,0.0,1.0,1.0,2.0,1.0,9.0,12.0,0.0,0.0
46690,Leicester,Burnley,2,1,64.5,35.5,3.0,4.0,19.0,13.0,770.0,504.0,556.0,303.0,22.0,15.0,20.0,22.0,9.0,4.0,2.0,3.0,0.0,3.0,4.0,10.0,0.0,0.0
46693,Spurs,Watford,1,1,69.4,30.6,2.0,2.0,12.0,7.0,908.0,503.0,686.0,313.0,11.0,20.0,6.0,52.0,11.0,2.0,5.0,1.0,4.0,3.0,5.0,9.0,0.0,0.0
46694,Wolves,Southampton,1,1,57.0,43.0,1.0,5.0,4.0,14.0,688.0,559.0,511.0,385.0,11.0,9.0,10.0,19.0,1.0,3.0,1.0,2.0,3.0,2.0,10.0,17.0,0.0,0.0
46680,Newcastle,Man Utd,1,0,31.9,68.1,2.0,3.0,12.0,12.0,450.0,757.0,281.0,594.0,12.0,11.0,17.0,7.0,4.0,6.0,1.0,2.0,3.0,3.0,12.0,10.0,0.0,0.0
46684,West Ham,Crystal Palace,1,2,51.7,48.3,4.0,4.0,9.0,7.0,678.0,668.0,519.0,489.0,19.0,10.0,14.0,18.0,2.0,2.0,2.0,4.0,3.0,2.0,11.0,7.0,0.0,0.0
46675,Arsenal,Bournemouth,1,0,52.5,47.5,2.0,2.0,12.0,10.0,653.0,643.0,443.0,403.0,23.0,14.0,17.0,31.0,14.0,5.0,0.0,0.0,1.0,2.0,12.0,6.0,0.0,0.0
46679,Man City,Wolves,0,2,76.0,24.0,2.0,2.0,18.0,7.0,917.0,423.0,714.0,230.0,14.0,18.0,5.0,43.0,9.0,1.0,1.0,2.0,5.0,2.0,11.0,14.0,0.0,0.0
46682,Southampton,Chelsea,1,4,43.3,56.7,3.0,7.0,10.0,13.0,585.0,715.0,400.0,528.0,23.0,19.0,12.0,19.0,3.0,4.0,1.0,0.0,0.0,1.0,8.0,15.0,0.0,0.0
46676,Brighton,Spurs,3,0,47.7,52.3,6.0,3.0,17.0,8.0,713.0,750.0,494.0,547.0,22.0,23.0,19.0,15.0,4.0,4.0,1.0,1.0,2.0,1.0,11.0,7.0,0.0,0.0
46677,Burnley,Everton,1,0,40.8,59.2,3.0,2.0,9.0,11.0,514.0,636.0,327.0,471.0,15.0,9.0,22.0,15.0,7.0,9.0,5.0,1.0,2.0,1.0,5.0,12.0,0.0,1.0
46678,Liverpool,Leicester,2,1,50.7,49.3,8.0,1.0,18.0,2.0,733.0,681.0,494.0,478.0,19.0,16.0,25.0,27.0,4.0,6.0,3.0,2.0,1.0,4.0,9.0,17.0,0.0,0.0
46681,Norwich,Aston Villa,1,5,57.6,42.4,5.0,12.0,21.0,22.0,698.0,570.0,472.0,345.0,20.0,16.0,20.0,34.0,10.0,6.0,0.0,1.0,1.0,3.0,14.0,17.0,0.0,0.0
46683,Watford,Sheffield Utd,0,0,39.5,60.5,2.0,3.0,8.0,9.0,542.0,760.0,360.0,554.0,17.0,15.0,34.0,27.0,7.0,7.0,2.0,3.0,0.0,2.0,7.0,6.0,0.0,0.0
46671,Man Utd,Arsenal,1,1,54.8,45.2,4.0,5.0,16.0,10.0,631.0,563.0,440.0,364.0,15.0,19.0,7.0,14.0,8.0,7.0,2.0,4.0,4.0,2.0,18.0,13.0,0.0,0.0
46670,Leicester,Newcastle,5,0,68.9,31.1,5.0,0.0,13.0,3.0,918.0,520.0,724.0,328.0,24.0,17.0,8.0,24.0,9.0,0.0,0.0,1.0,1.0,1.0,12.0,9.0,0.0,1.0
46669,Everton,Man City,1,3,37.2,62.8,8.0,8.0,12.0,19.0,540.0,813.0,358.0,619.0,19.0,15.0,8.0,19.0,5.0,2.0,2.0,5.0,2.0,2.0,4.0,8.0,0.0,0.0
46672,Sheffield Utd,Liverpool,0,1,29.6,70.4,2.0,4.0,12.0,16.0,479.0,896.0,291.0,708.0,11.0,11.0,29.0,25.0,6.0,5.0,0.0,1.0,1.0,1.0,8.0,4.0,0.0,0.0
46665,Aston Villa,Burnley,2,2,60.2,39.8,3.0,3.0,16.0,10.0,610.0,438.0,416.0,281.0,14.0,13.0,13.0,16.0,7.0,3.0,2.0,0.0,1.0,4.0,10.0,16.0,0.0,0.0
46666,Bournemouth,West Ham,2,2,49.1,50.9,5.0,6.0,13.0,17.0,672.0,653.0,456.0,478.0,8.0,23.0,21.0,16.0,6.0,6.0,2.0,2.0,3.0,1.0,7.0,8.0,0.0,0.0
46667,Chelsea,Brighton,2,0,52.6,47.4,10.0,1.0,24.0,8.0,760.0,704.0,568.0,502.0,18.0,21.0,15.0,25.0,5.0,2.0,1.0,2.0,2.0,3.0,5.0,13.0,0.0,0.0
46668,Crystal Palace,Norwich,2,0,44.6,55.4,3.0,3.0,15.0,10.0,620.0,726.0,415.0,524.0,18.0,17.0,13.0,22.0,5.0,5.0,2.0,1.0,3.0,1.0,14.0,10.0,0.0,0.0
46673,Spurs,Southampton,2,1,41.4,58.6,4.0,6.0,9.0,14.0,579.0,717.0,369.0,518.0,23.0,24.0,28.0,12.0,6.0,6.0,1.0,1.0,0.0,2.0,5.0,16.0,1.0,0.0
46674,Wolves,Watford,2,0,39.1,60.9,2.0,5.0,6.0,14.0,575.0,801.0,404.0,628.0,21.0,15.0,27.0,7.0,1.0,6.0,2.0,1.0,0.0,1.0,5.0,6.0,0.0,0.0
46655,Arsenal,Aston Villa,3,2,58.1,41.9,6.0,9.0,21.0,14.0,662.0,521.0,465.0,326.0,12.0,20.0,20.0,21.0,9.0,4.0,2.0,0.0,5.0,1.0,13.0,15.0,1.0,0.0
46657,Chelsea,Liverpool,1,2,55.0,45.0,2.0,3.0,13.0,6.0,713.0,608.0,492.0,415.0,15.0,11.0,10.0,37.0,6.0,4.0,7.0,1.0,3.0,3.0,8.0,13.0,0.0,0.0
46662,Newcastle,Brighton,0,0,28.7,71.3,4.0,3.0,11.0,16.0,467.0,922.0,280.0,718.0,18.0,14.0,22.0,14.0,5.0,3.0,0.0,3.0,2.0,1.0,12.0,8.0,0.0,0.0
46658,Crystal Palace,Wolves,1,1,49.9,50.1,4.0,4.0,13.0,13.0,692.0,661.0,456.0,442.0,24.0,31.0,18.0,17.0,6.0,7.0,1.0,0.0,2.0,1.0,7.0,10.0,0.0,1.0
46664,West Ham,Man Utd,2,0,46.5,53.5,6.0,3.0,8.0,9.0,604.0,661.0,424.0,479.0,16.0,13.0,18.0,18.0,3.0,7.0,2.0,1.0,2.0,2.0,8.0,9.0,0.0,0.0
46663,Southampton,Bournemouth,1,3,64.8,35.2,6.0,3.0,25.0,6.0,783.0,519.0,554.0,300.0,30.0,8.0,13.0,25.0,4.0,5.0,1.0,2.0,1.0,3.0,8.0,9.0,0.0,0.0
46660,Leicester,Spurs,2,1,44.2,55.8,7.0,4.0,16.0,11.0,599.0,704.0,380.0,491.0,23.0,18.0,24.0,23.0,8.0,2.0,3.0,3.0,1.0,2.0,16.0,13.0,0.0,0.0
46656,Burnley,Norwich,2,0,41.4,58.6,6.0,2.0,13.0,11.0,550.0,714.0,357.0,528.0,14.0,19.0,15.0,19.0,7.0,3.0,2.0,0.0,0.0,1.0,11.0,10.0,0.0,0.0
46659,Everton,Sheffield Utd,0,2,69.8,30.2,3.0,1.0,16.0,2.0,741.0,442.0,520.0,227.0,10.0,15.0,11.0,63.0,12.0,3.0,1.0,1.0,1.0,3.0,9.0,9.0,0.0,0.0
46661,Man City,Watford,8,0,68.7,31.3,11.0,4.0,28.0,5.0,909.0,486.0,727.0,336.0,18.0,12.0,5.0,20.0,5.0,4.0,2.0,2.0,2.0,2.0,5.0,9.0,0.0,0.0
46645,Aston Villa,West Ham,0,0,46.6,53.4,5.0,1.0,10.0,13.0,604.0,678.0,408.0,470.0,19.0,21.0,14.0,15.0,2.0,4.0,3.0,3.0,2.0,1.0,13.0,12.0,0.0,1.0
46653,Watford,Arsenal,2,2,52.4,47.6,10.0,4.0,31.0,7.0,679.0,625.0,499.0,466.0,17.0,13.0,15.0,16.0,7.0,1.0,1.0,0.0,3.0,3.0,14.0,4.0,0.0,0.0
46650,Norwich,Man City,3,2,31.4,68.6,3.0,8.0,7.0,25.0,524.0,876.0,318.0,671.0,16.0,15.0,50.0,7.0,3.0,16.0,1.0,0.0,3.0,1.0,8.0,7.0,0.0,0.0
46646,Bournemouth,Everton,3,1,40.5,59.5,6.0,5.0,13.0,14.0,547.0,684.0,336.0,488.0,18.0,18.0,37.0,10.0,7.0,7.0,4.0,0.0,0.0,4.0,5.0,14.0,0.0,0.0
46648,Liverpool,Newcastle,3,1,75.3,24.7,9.0,1.0,21.0,8.0,1023.0,470.0,847.0,282.0,13.0,20.0,8.0,33.0,10.0,1.0,2.0,8.0,0.0,0.0,5.0,4.0,0.0,0.0
46647,Brighton,Burnley,1,1,62.5,37.5,5.0,1.0,14.0,7.0,693.0,500.0,491.0,284.0,21.0,17.0,20.0,24.0,3.0,6.0,2.0,2.0,0.0,2.0,13.0,7.0,0.0,0.0
46649,Man Utd,Leicester,1,0,41.7,58.3,5.0,3.0,10.0,9.0,566.0,686.0,345.0,471.0,19.0,30.0,30.0,11.0,3.0,9.0,0.0,2.0,1.0,2.0,14.0,14.0,0.0,0.0
46651,Sheffield Utd,Southampton,0,1,48.2,51.8,4.0,7.0,17.0,11.0,647.0,692.0,414.0,467.0,21.0,18.0,24.0,28.0,12.0,6.0,3.0,1.0,1.0,1.0,10.0,7.0,1.0,0.0
46652,Spurs,Crystal Palace,4,0,64.1,35.9,5.0,6.0,13.0,11.0,830.0,537.0,640.0,357.0,11.0,15.0,13.0,15.0,4.0,3.0,1.0,0.0,4.0,3.0,19.0,11.0,0.0,0.0
46654,Wolves,Chelsea,2,5,45.3,54.7,4.0,6.0,11.0,15.0,648.0,781.0,449.0,555.0,17.0,20.0,12.0,28.0,7.0,5.0,1.0,1.0,1.0,2.0,8.0,11.0,0.0,0.0
46635,Arsenal,Spurs,2,2,54.8,45.2,8.0,9.0,26.0,13.0,673.0,569.0,453.0,388.0,23.0,13.0,11.0,24.0,11.0,6.0,3.0,1.0,3.0,5.0,13.0,19.0,0.0,0.0
46636,Burnley,Liverpool,0,3,36.2,63.8,2.0,7.0,7.0,15.0,495.0,739.0,318.0,568.0,14.0,11.0,21.0,19.0,6.0,4.0,5.0,1.0,0.0,0.0,10.0,16.0,0.0,0.0
46639,Everton,Wolves,3,2,58.7,41.3,6.0,5.0,15.0,8.0,687.0,522.0,451.0,320.0,24.0,19.0,37.0,22.0,7.0,7.0,1.0,2.0,1.0,4.0,12.0,12.0,0.0,1.0
46643,Southampton,Man Utd,1,1,41.4,58.6,2.0,8.0,10.0,21.0,598.0,771.0,375.0,537.0,25.0,19.0,25.0,16.0,2.0,3.0,0.0,1.0,1.0,2.0,17.0,7.0,1.0,0.0
46637,Chelsea,Sheffield Utd,2,2,62.3,37.7,5.0,2.0,13.0,8.0,898.0,595.0,719.0,429.0,16.0,15.0,15.0,24.0,3.0,4.0,2.0,0.0,0.0,1.0,6.0,11.0,0.0,0.0
46638,Crystal Palace,Aston Villa,1,0,52.8,47.2,5.0,2.0,22.0,10.0,614.0,591.0,407.0,379.0,18.0,19.0,21.0,30.0,13.0,2.0,2.0,0.0,2.0,4.0,15.0,16.0,0.0,1.0
46640,Leicester,Bournemouth,3,1,55.0,45.0,6.0,2.0,15.0,8.0,751.0,647.0,541.0,432.0,22.0,14.0,25.0,18.0,4.0,5.0,2.0,1.0,1.0,3.0,9.0,11.0,0.0,0.0
46641,Man City,Brighton,4,0,53.5,46.5,6.0,2.0,15.0,6.0,755.0,678.0,598.0,523.0,15.0,18.0,19.0,14.0,8.0,1.0,1.0,3.0,1.0,1.0,10.0,6.0,0.0,0.0
46642,Newcastle,Watford,1,1,48.8,51.2,5.0,3.0,13.0,13.0,651.0,682.0,468.0,498.0,11.0,14.0,14.0,24.0,6.0,5.0,6.0,0.0,2.0,3.0,5.0,11.0,0.0,0.0
46644,West Ham,Norwich,2,0,48.6,51.4,8.0,3.0,18.0,8.0,662.0,710.0,474.0,500.0,29.0,14.0,9.0,15.0,8.0,2.0,2.0,3.0,2.0,1.0,16.0,10.0,0.0,0.0
46632,Spurs,Newcastle,0,1,80.2,19.8,2.0,3.0,17.0,8.0,942.0,391.0,763.0,190.0,10.0,15.0,5.0,54.0,6.0,6.0,1.0,4.0,2.0,2.0,10.0,5.0,0.0,0.0
46634,Wolves,Burnley,1,1,65.1,34.9,2.0,4.0,17.0,13.0,772.0,479.0,586.0,306.0,9.0,12.0,29.0,27.0,4.0,3.0,1.0,1.0,0.0,2.0,9.0,11.0,0.0,0.0
46628,Liverpool,Arsenal,3,1,52.0,48.0,5.0,3.0,25.0,9.0,747.0,738.0,553.0,516.0,25.0,16.0,11.0,27.0,6.0,4.0,1.0,4.0,1.0,1.0,8.0,5.0,0.0,0.0
46626,Bournemouth,Man City,1,3,26.2,73.8,7.0,5.0,10.0,18.0,419.0,905.0,249.0,728.0,8.0,16.0,22.0,16.0,4.0,5.0,2.0,4.0,1.0,3.0,7.0,13.0,0.0,0.0
46625,Aston Villa,Everton,2,0,35.2,64.8,3.0,1.0,7.0,12.0,503.0,727.0,301.0,539.0,12.0,16.0,25.0,7.0,0.0,6.0,8.0,1.0,2.0,3.0,10.0,18.0,0.0,0.0
46630,Norwich,Chelsea,2,3,46.6,53.4,5.0,8.0,6.0,23.0,682.0,766.0,481.0,543.0,16.0,26.0,29.0,9.0,1.0,8.0,0.0,0.0,1.0,1.0,9.0,9.0,0.0,0.0
46627,Brighton,Southampton,0,2,50.7,49.3,3.0,4.0,12.0,12.0,596.0,580.0,394.0,395.0,16.0,19.0,10.0,22.0,8.0,5.0,1.0,0.0,1.0,3.0,9.0,10.0,1.0,0.0
46629,Man Utd,Crystal Palace,1,2,71.3,28.7,3.0,3.0,22.0,5.0,748.0,409.0,562.0,231.0,9.0,25.0,6.0,26.0,8.0,1.0,0.0,0.0,2.0,4.0,8.0,18.0,0.0,0.0
46631,Sheffield Utd,Leicester,1,2,49.1,50.9,2.0,2.0,7.0,10.0,616.0,668.0,421.0,452.0,16.0,13.0,15.0,38.0,7.0,4.0,1.0,5.0,1.0,0.0,11.0,6.0,0.0,0.0
46633,Watford,West Ham,1,3,54.9,45.1,3.0,10.0,23.0,16.0,667.0,593.0,465.0,386.0,17.0,17.0,12.0,24.0,8.0,7.0,1.0,2.0,1.0,1.0,12.0,11.0,0.0,0.0
46624,Wolves,Man Utd,1,1,34.4,65.6,2.0,2.0,6.0,9.0,520.0,845.0,350.0,668.0,17.0,23.0,14.0,15.0,4.0,6.0,1.0,1.0,2.0,2.0,17.0,8.0,0.0,0.0
46618,Chelsea,Leicester,1,1,50.2,49.8,5.0,3.0,14.0,12.0,692.0,690.0,454.0,455.0,25.0,29.0,23.0,20.0,4.0,5.0,3.0,3.0,1.0,0.0,9.0,14.0,0.0,0.0
46620,Man City,Spurs,2,2,55.4,44.6,10.0,2.0,30.0,3.0,806.0,701.0,610.0,506.0,15.0,17.0,10.0,23.0,13.0,2.0,3.0,1.0,1.0,0.0,14.0,4.0,0.0,0.0
46622,Sheffield Utd,Crystal Palace,1,0,42.5,57.5,3.0,4.0,15.0,6.0,604.0,718.0,354.0,498.0,20.0,21.0,38.0,25.0,8.0,4.0,0.0,1.0,3.0,1.0,16.0,11.0,0.0,0.0
46615,Arsenal,Burnley,2,1,67.5,32.5,9.0,5.0,15.0,18.0,731.0,437.0,529.0,234.0,12.0,16.0,28.0,25.0,10.0,7.0,5.0,1.0,2.0,1.0,13.0,11.0,0.0,0.0
46616,Aston Villa,Bournemouth,1,2,62.6,37.4,7.0,4.0,21.0,12.0,689.0,468.0,490.0,295.0,7.0,15.0,15.0,25.0,10.0,5.0,5.0,2.0,0.0,2.0,10.0,13.0,0.0,0.0
46617,Brighton,West Ham,1,1,57.3,42.7,4.0,3.0,16.0,8.0,717.0,587.0,497.0,377.0,20.0,22.0,16.0,14.0,8.0,6.0,2.0,4.0,0.0,2.0,11.0,10.0,0.0,0.0
46619,Everton,Watford,1,0,44.1,55.9,2.0,2.0,12.0,8.0,536.0,611.0,303.0,388.0,20.0,34.0,35.0,13.0,4.0,7.0,3.0,1.0,2.0,3.0,11.0,11.0,0.0,0.0
46621,Norwich,Newcastle,3,1,63.3,36.7,8.0,4.0,15.0,12.0,780.0,513.0,603.0,336.0,14.0,14.0,23.0,13.0,7.0,5.0,2.0,1.0,1.0,3.0,9.0,11.0,0.0,0.0
46623,Southampton,Liverpool,1,2,36.2,63.8,3.0,6.0,14.0,15.0,497.0,735.0,296.0,530.0,15.0,7.0,27.0,30.0,5.0,9.0,4.0,1.0,2.0,1.0,10.0,6.0,0.0,0.0
46613,Man Utd,Chelsea,4,0,46.2,53.8,5.0,7.0,11.0,18.0,649.0,730.0,449.0,523.0,16.0,21.0,19.0,11.0,3.0,5.0,2.0,0.0,3.0,4.0,15.0,13.0,0.0,0.0
46610,Spurs,Aston Villa,3,1,70.1,29.9,7.0,4.0,31.0,7.0,792.0,461.0,587.0,256.0,17.0,29.0,6.0,39.0,14.0,0.0,1.0,0.0,1.0,0.0,13.0,9.0,0.0,0.0
46609,Leicester,Wolves,0,0,70.0,30.0,1.0,2.0,16.0,8.0,871.0,508.0,665.0,291.0,20.0,19.0,12.0,33.0,12.0,3.0,0.0,1.0,0.0,2.0,3.0,13.0,0.0,0.0
46614,Newcastle,Arsenal,0,1,38.1,61.9,2.0,2.0,9.0,8.0,577.0,819.0,378.0,616.0,26.0,11.0,17.0,22.0,5.0,3.0,1.0,3.0,1.0,3.0,12.0,7.0,0.0,0.0
46605,Liverpool,Norwich,4,1,57.9,42.1,7.0,5.0,15.0,12.0,662.0,577.0,477.0,363.0,21.0,12.0,5.0,35.0,11.0,2.0,0.0,5.0,0.0,2.0,9.0,9.0,0.0,0.0
46612,West Ham,Man City,0,5,42.9,57.1,3.0,9.0,5.0,14.0,571.0,722.0,403.0,547.0,18.0,18.0,9.0,13.0,1.0,1.0,2.0,4.0,2.0,2.0,6.0,13.0,0.0,0.0
46606,Bournemouth,Sheffield Utd,1,1,52.9,47.1,3.0,3.0,13.0,8.0,671.0,615.0,485.0,428.0,18.0,14.0,13.0,16.0,3.0,4.0,1.0,1.0,2.0,1.0,10.0,19.0,0.0,0.0
46607,Burnley,Southampton,3,0,46.5,53.5,4.0,3.0,10.0,11.0,549.0,579.0,332.0,393.0,21.0,7.0,13.0,18.0,2.0,7.0,5.0,1.0,0.0,0.0,6.0,12.0,0.0,0.0
46608,Crystal Palace,Everton,0,0,35.4,64.6,2.0,3.0,6.0,10.0,467.0,722.0,268.0,500.0,21.0,14.0,21.0,18.0,6.0,2.0,4.0,0.0,2.0,1.0,16.0,14.0,0.0,1.0
46611,Watford,Brighton,0,3,48.2,51.8,3.0,3.0,11.0,5.0,602.0,637.0,414.0,442.0,12.0,24.0,10.0,24.0,5.0,2.0,0.0,3.0,0.0,1.0,15.0,11.0,0.0,0.0
